session,device_key,gdi_name,manufacturer,model,serial,width_cm,height_cm,diagonal_in,screen_area_cm2,logical_units_per_cm,normalized_canvas_width,normalized_canvas_height,godot_screen_index,trial,size_sequence_position,condition_sequence_position,tree_size,condition,resource_nodes,rendered_cards,decorators,context_retention_ratio,cards_in_viewport_before_fit,viewport_coverage_before_fit_ratio,cards_in_viewport_after_fit,fit_viewport_coverage_ratio,fit_zoom,bounds_area_cm2,graph_to_screen_area_ratio,card_area_cm2,overlap_pairs,min_parent_child_gap_px,information_fields,dimmed_cards,target_in_viewport,target_center_error_ratio,interaction_ms,engine_version,renderer,gpu
2026-08-23_three_displays,BOE0CD1_UID512,\\.\DISPLAY1,BOE,BOE0CD1,65441,34.0,22.0,15.9436667175721,748.0,35.0,1190,770,0,1,1,1,31,Baseline,31,26,5,1.0,0,0.0,26,1.0,0.1402812898159,7207.53632653061,9.63574375204627,1487.86285714286,0,60.0,6,0,false,3.48553103911513,83.337,4.6-stable (official),gl_compatibility,NVIDIA GeForce RTX 5070 Laptop GPU
2026-08-23_three_displays,BOE0CD1_UID512,\\.\DISPLAY1,BOE,BOE0CD1,65441,34.0,22.0,15.9436667175721,748.0,35.0,1190,770,0,1,1,2,31,Compact Cards,31,26,5,1.0,0,0.0,26,1.0,0.14176385104656,6428.8,8.59465240641711,575.070204081633,0,163.0,2,0,false,3.44265860633972,50.053,4.6-stable (official),gl_compatibility,NVIDIA GeForce RTX 5070 Laptop GPU
2026-08-23_three_displays,BOE0CD1_UID512,\\.\DISPLAY1,BOE,BOE0CD1,65441,34.0,22.0,15.9436667175721,748.0,35.0,1190,770,0,1,1,3,31,Optimized Overview,31,26,5,1.0,0,0.0,26,1.0,0.14176385104656,5992.72163265306,8.01165993670195,143.767551020408,0,242.5,1,0,false,1.72132930316986,49.623,4.6-stable (official),gl_compatibility,NVIDIA GeForce RTX 5070 Laptop GPU
2026-08-23_three_displays,BOE0CD1_UID512,\\.\DISPLAY1,BOE,BOE0CD1,65441,34.0,22.0,15.9436667175721,748.0,35.0,1190,770,0,1,1,4,31,Optimized Search,31,26,5,1.0,6,0.23076923076923,26,1.0,0.14176385104656,5992.72163265306,8.01165993670195,143.767551020408,0,242.5,1,25,true,0.00499796051416,51.394,4.6-stable (official),gl_compatibility,NVIDIA GeForce RTX 5070 Laptop GPU
2026-08-23_three_displays,BOE0CD1_UID512,\\.\DISPLAY1,BOE,BOE0CD1,65441,34.0,22.0,15.9436667175721,748.0,35.0,1190,770,0,1,1,5,31,Subtree Focus,31,6,5,0.23076923076923,0,0.0,6,1.0,0.330641746521,2118.66040816327,2.83243370075303,138.565714285714,0,163.0,2,0,false,-1.0,48.641,4.6-stable (official),gl_compatibility,NVIDIA GeForce RTX 5070 Laptop GPU
2026-08-23_three_displays,BOE0CD1_UID512,\\.\DISPLAY1,BOE,BOE0CD1,65441,34.0,22.0,15.9436667175721,748.0,35.0,1190,770,0,1,1,6,31,Context Collapse,31,8,5,0.30769230769231,0,0.0,8,1.0,0.18666027486324,3752.9012244898,5.01724762632326,185.164897959184,0,163.0,2,0,false,-1.0,49.399,4.6-stable (official),gl_compatibility,NVIDIA GeForce RTX 5070 Laptop GPU
2026-08-23_three_displays,BOE0CD1_UID512,\\.\DISPLAY1,BOE,BOE0CD1,65441,34.0,22.0,15.9436667175721,748.0,35.0,1190,770,0,1,2,1,61,Compact Cards,61,51,10,1.0,0,0.0,39,0.76470588235294,0.10000000149012,15532.2906122449,20.7650944013969,1128.90612244898,0,163.0,2,0,false,2.99125380152026,66.028,4.6-stable (official),gl_compatibility,NVIDIA GeForce RTX 5070 Laptop GPU
2026-08-23_three_displays,BOE0CD1_UID512,\\.\DISPLAY1,BOE,BOE0CD1,65441,34.0,22.0,15.9436667175721,748.0,35.0,1190,770,0,1,2,2,61,Optimized Overview,61,51,10,1.0,0,0.0,39,0.76470588235294,0.10000000149012,14759.8465306122,19.7324151478773,282.226530612245,0,242.5,1,0,false,1.49562690076013,95.629,4.6-stable (official),gl_compatibility,NVIDIA GeForce RTX 5070 Laptop GPU
2026-08-23_three_displays,BOE0CD1_UID512,\\.\DISPLAY1,BOE,BOE0CD1,65441,34.0,22.0,15.9436667175721,748.0,35.0,1190,770,0,1,2,3,61,Optimized Search,61,51,10,1.0,7,0.13725490196078,39,0.76470588235294,0.10000000149012,14759.8465306122,19.7324151478773,282.226530612245,0,242.5,1,50,true,0.00499796051416,101.783,4.6-stable (official),gl_compatibility,NVIDIA GeForce RTX 5070 Laptop GPU
2026-08-23_three_displays,BOE0CD1_UID512,\\.\DISPLAY1,BOE,BOE0CD1,65441,34.0,22.0,15.9436667175721,748.0,35.0,1190,770,0,1,2,4,61,Subtree Focus,61,7,10,0.13725490196078,0,0.0,7,1.0,0.22678910195827,3959.77714285714,5.29381970970206,159.864489795918,0,163.0,2,0,false,-1.0,81.653,4.6-stable (official),gl_compatibility,NVIDIA GeForce RTX 5070 Laptop GPU
2026-08-23_three_displays,BOE0CD1_UID512,\\.\DISPLAY1,BOE,BOE0CD1,65441,34.0,22.0,15.9436667175721,748.0,35.0,1190,770,0,1,2,5,61,Context Collapse,61,11,10,0.2156862745098,0,0.0,11,1.0,0.10000000149012,9387.80571428571,12.5505423987777,253.062857142857,0,163.0,2,0,false,-1.0,67.567,4.6-stable (official),gl_compatibility,NVIDIA GeForce RTX 5070 Laptop GPU
2026-08-23_three_displays,BOE0CD1_UID512,\\.\DISPLAY1,BOE,BOE0CD1,65441,34.0,22.0,15.9436667175721,748.0,35.0,1190,770,0,1,2,6,61,Baseline,61,51,10,1.0,0,0.0,39,0.76470588235294,0.10000000149012,17003.4481632653,22.7318825712103,2917.31428571429,0,60.0,6,0,false,3.05150009703537,153.179,4.6-stable (official),gl_compatibility,NVIDIA GeForce RTX 5070 Laptop GPU
2026-08-23_three_displays,BOE0CD1_UID512,\\.\DISPLAY1,BOE,BOE0CD1,65441,34.0,22.0,15.9436667175721,748.0,35.0,1190,770,0,1,3,1,121,Optimized Overview,121,101,20,1.0,0,0.0,37,0.36633663366337,0.10000000149012,30289.2424489796,40.4936396376733,559.52612244898,0,242.5,1,0,false,9.19754517955029,167.138,4.6-stable (official),gl_compatibility,NVIDIA GeForce RTX 5070 Laptop GPU
2026-08-23_three_displays,BOE0CD1_UID512,\\.\DISPLAY1,BOE,BOE0CD1,65441,34.0,22.0,15.9436667175721,748.0,35.0,1190,770,0,1,3,2,121,Optimized Search,121,101,20,1.0,6,0.05940594059406,37,0.36633663366337,0.10000000149012,30289.2424489796,40.4936396376733,559.52612244898,0,242.5,1,100,true,0.00499796051416,152.773,4.6-stable (official),gl_compatibility,NVIDIA GeForce RTX 5070 Laptop GPU
2026-08-23_three_displays,BOE0CD1_UID512,\\.\DISPLAY1,BOE,BOE0CD1,65441,34.0,22.0,15.9436667175721,748.0,35.0,1190,770,0,1,3,3,121,Subtree Focus,121,13,20,0.12871287128713,0,0.0,13,1.0,0.10000000149012,11790.9385714286,15.7632868601986,289.76,0,163.0,2,0,false,18.3950903591006,111.343,4.6-stable (official),gl_compatibility,NVIDIA GeForce RTX 5070 Laptop GPU
2026-08-23_three_displays,BOE0CD1_UID512,\\.\DISPLAY1,BOE,BOE0CD1,65441,34.0,22.0,15.9436667175721,748.0,35.0,1190,770,0,1,3,4,121,Context Collapse,121,11,20,0.10891089108911,0,0.0,3,0.27272727272727,0.10000000149012,20351.2285714286,27.2075248281131,255.102040816327,0,163.0,2,0,false,-1.0,80.722,4.6-stable (official),gl_compatibility,NVIDIA GeForce RTX 5070 Laptop GPU
2026-08-23_three_displays,BOE0CD1_UID512,\\.\DISPLAY1,BOE,BOE0CD1,65441,34.0,22.0,15.9436667175721,748.0,35.0,1190,770,0,1,3,5,121,Baseline,121,101,20,1.0,0,0.0,37,0.36633663366337,0.10000000149012,35579.5444897959,47.566235948925,5783.6,0,60.0,6,0,false,18.4305948442263,332.264,4.6-stable (official),gl_compatibility,NVIDIA GeForce RTX 5070 Laptop GPU
2026-08-23_three_displays,BOE0CD1_UID512,\\.\DISPLAY1,BOE,BOE0CD1,65441,34.0,22.0,15.9436667175721,748.0,35.0,1190,770,0,1,3,6,121,Compact Cards,121,101,20,1.0,0,0.0,37,0.36633663366337,0.10000000149012,31716.5681632653,42.4018290952745,2238.10448979592,0,163.0,2,0,false,18.3950903591006,117.934,4.6-stable (official),gl_compatibility,NVIDIA GeForce RTX 5070 Laptop GPU
2026-08-23_three_displays,BOE0CD1_UID512,\\.\DISPLAY1,BOE,BOE0CD1,65441,34.0,22.0,15.9436667175721,748.0,35.0,1190,770,0,1,4,1,241,Optimized Search,241,202,39,1.0,6,0.02970297029703,37,0.18316831683168,0.10000000149012,72814.5591836735,97.3456673578522,1122.84081632653,0,242.5,1,201,true,0.00499796051416,369.553,4.6-stable (official),gl_compatibility,NVIDIA GeForce RTX 5070 Laptop GPU
2026-08-23_three_displays,BOE0CD1_UID512,\\.\DISPLAY1,BOE,BOE0CD1,65441,34.0,22.0,15.9436667175721,748.0,35.0,1190,770,0,1,4,2,241,Subtree Focus,241,17,39,0.08415841584158,0,0.0,14,0.82352941176471,0.10000000149012,45582.8906632653,60.9396934000873,385.885714285714,0,163.0,2,0,false,-1.0,230.154,4.6-stable (official),gl_compatibility,NVIDIA GeForce RTX 5070 Laptop GPU
2026-08-23_three_displays,BOE0CD1_UID512,\\.\DISPLAY1,BOE,BOE0CD1,65441,34.0,22.0,15.9436667175721,748.0,35.0,1190,770,0,1,4,3,241,Context Collapse,241,14,39,0.06930693069307,0,0.0,7,0.5,0.10000000149012,56952.2130612245,76.1393222743643,330.715102040816,0,163.0,2,0,false,-1.0,142.837,4.6-stable (official),gl_compatibility,NVIDIA GeForce RTX 5070 Laptop GPU
2026-08-23_three_displays,BOE0CD1_UID512,\\.\DISPLAY1,BOE,BOE0CD1,65441,34.0,22.0,15.9436667175721,748.0,35.0,1190,770,0,1,4,4,241,Baseline,241,202,39,1.0,0,0.0,37,0.18316831683168,0.10000000149012,87050.4,116.377540106952,11564.3771428571,0,60.0,6,0,false,24.7211231465955,690.887,4.6-stable (official),gl_compatibility,NVIDIA GeForce RTX 5070 Laptop GPU
2026-08-23_three_displays,BOE0CD1_UID512,\\.\DISPLAY1,BOE,BOE0CD1,65441,34.0,22.0,15.9436667175721,748.0,35.0,1190,770,0,1,4,5,241,Compact Cards,241,202,39,1.0,0,0.0,37,0.18316831683168,0.10000000149012,75560.5730612245,101.01680890538,4491.36326530612,0,163.0,2,0,false,24.684469576798,284.07,4.6-stable (official),gl_compatibility,NVIDIA GeForce RTX 5070 Laptop GPU
2026-08-23_three_displays,BOE0CD1_UID512,\\.\DISPLAY1,BOE,BOE0CD1,65441,34.0,22.0,15.9436667175721,748.0,35.0,1190,770,0,1,4,6,241,Optimized Overview,241,202,39,1.0,0,0.0,37,0.18316831683168,0.10000000149012,72814.5591836735,97.3456673578522,1122.84081632653,0,242.5,1,0,false,12.342234788399,367.315,4.6-stable (official),gl_compatibility,NVIDIA GeForce RTX 5070 Laptop GPU
2026-08-23_three_displays,BOE0CD1_UID512,\\.\DISPLAY1,BOE,BOE0CD1,65441,34.0,22.0,15.9436667175721,748.0,35.0,1190,770,0,1,5,1,364,Subtree Focus,364,43,59,0.14098360655738,0,0.0,37,0.86046511627907,0.10000000149012,64295.582755102,85.9566614373022,962.218775510204,0,163.0,2,0,false,-1.0,841.078,4.6-stable (official),gl_compatibility,NVIDIA GeForce RTX 5070 Laptop GPU
2026-08-23_three_displays,BOE0CD1_UID512,\\.\DISPLAY1,BOE,BOE0CD1,65441,34.0,22.0,15.9436667175721,748.0,35.0,1190,770,0,1,5,2,364,Context Collapse,364,11,59,0.03606557377049,0,0.0,4,0.36363636363636,0.10000000149012,70653.8357142857,94.456999618029,259.251428571429,0,163.0,2,0,false,-1.0,200.019,4.6-stable (official),gl_compatibility,NVIDIA GeForce RTX 5070 Laptop GPU
2026-08-23_three_displays,BOE0CD1_UID512,\\.\DISPLAY1,BOE,BOE0CD1,65441,34.0,22.0,15.9436667175721,748.0,35.0,1190,770,0,1,5,3,364,Baseline,364,305,59,1.0,0,0.0,37,0.12131147540984,0.10000000149012,137730.976326531,184.132321292153,17461.76,0,60.0,6,0,false,57.0411915710549,1220.52,4.6-stable (official),gl_compatibility,NVIDIA GeForce RTX 5070 Laptop GPU
2026-08-23_three_displays,BOE0CD1_UID512,\\.\DISPLAY1,BOE,BOE0CD1,65441,34.0,22.0,15.9436667175721,748.0,35.0,1190,770,0,1,5,4,364,Compact Cards,364,305,59,1.0,0,0.0,37,0.12131147540984,0.10000000149012,114576.271020408,153.176832914984,6794.7012244898,0,163.0,2,0,false,57.0079759584712,443.674,4.6-stable (official),gl_compatibility,NVIDIA GeForce RTX 5070 Laptop GPU
2026-08-23_three_displays,BOE0CD1_UID512,\\.\DISPLAY1,BOE,BOE0CD1,65441,34.0,22.0,15.9436667175721,748.0,35.0,1190,770,0,1,5,5,364,Optimized Overview,364,305,59,1.0,0,0.0,37,0.12131147540984,0.10000000149012,110501.232653061,147.728920659173,1698.67530612245,0,242.5,1,0,false,28.5039879792356,809.68,4.6-stable (official),gl_compatibility,NVIDIA GeForce RTX 5070 Laptop GPU
2026-08-23_three_displays,BOE0CD1_UID512,\\.\DISPLAY1,BOE,BOE0CD1,65441,34.0,22.0,15.9436667175721,748.0,35.0,1190,770,0,1,5,6,364,Optimized Search,364,305,59,1.0,6,0.01967213114754,37,0.12131147540984,0.10000000149012,110501.232653061,147.728920659173,1698.67530612245,0,242.5,1,304,true,0.00499796051416,674.549,4.6-stable (official),gl_compatibility,NVIDIA GeForce RTX 5070 Laptop GPU
2026-08-23_three_displays,BOE0CD1_UID512,\\.\DISPLAY1,BOE,BOE0CD1,65441,34.0,22.0,15.9436667175721,748.0,35.0,1190,770,0,2,1,1,61,Compact Cards,61,51,10,1.0,0,0.0,39,0.76470588235294,0.10000000149012,15532.2906122449,20.7650944013969,1128.90612244898,0,163.0,2,0,false,2.99125380152026,63.27,4.6-stable (official),gl_compatibility,NVIDIA GeForce RTX 5070 Laptop GPU
2026-08-23_three_displays,BOE0CD1_UID512,\\.\DISPLAY1,BOE,BOE0CD1,65441,34.0,22.0,15.9436667175721,748.0,35.0,1190,770,0,2,1,2,61,Optimized Overview,61,51,10,1.0,0,0.0,39,0.76470588235294,0.10000000149012,14759.8465306122,19.7324151478773,282.226530612245,0,242.5,1,0,false,1.49562690076013,82.9,4.6-stable (official),gl_compatibility,NVIDIA GeForce RTX 5070 Laptop GPU
2026-08-23_three_displays,BOE0CD1_UID512,\\.\DISPLAY1,BOE,BOE0CD1,65441,34.0,22.0,15.9436667175721,748.0,35.0,1190,770,0,2,1,3,61,Optimized Search,61,51,10,1.0,7,0.13725490196078,39,0.76470588235294,0.10000000149012,14759.8465306122,19.7324151478773,282.226530612245,0,242.5,1,50,true,0.00499796051416,87.746,4.6-stable (official),gl_compatibility,NVIDIA GeForce RTX 5070 Laptop GPU
2026-08-23_three_displays,BOE0CD1_UID512,\\.\DISPLAY1,BOE,BOE0CD1,65441,34.0,22.0,15.9436667175721,748.0,35.0,1190,770,0,2,1,4,61,Subtree Focus,61,7,10,0.13725490196078,0,0.0,7,1.0,0.22678910195827,3959.77714285714,5.29381970970206,159.864489795918,0,163.0,2,0,false,-1.0,49.067,4.6-stable (official),gl_compatibility,NVIDIA GeForce RTX 5070 Laptop GPU
2026-08-23_three_displays,BOE0CD1_UID512,\\.\DISPLAY1,BOE,BOE0CD1,65441,34.0,22.0,15.9436667175721,748.0,35.0,1190,770,0,2,1,5,61,Context Collapse,61,11,10,0.2156862745098,0,0.0,11,1.0,0.10000000149012,9387.80571428571,12.5505423987777,253.062857142857,0,163.0,2,0,false,-1.0,64.323,4.6-stable (official),gl_compatibility,NVIDIA GeForce RTX 5070 Laptop GPU
2026-08-23_three_displays,BOE0CD1_UID512,\\.\DISPLAY1,BOE,BOE0CD1,65441,34.0,22.0,15.9436667175721,748.0,35.0,1190,770,0,2,1,6,61,Baseline,61,51,10,1.0,0,0.0,39,0.76470588235294,0.10000000149012,17003.4481632653,22.7318825712103,2917.31428571429,0,60.0,6,0,false,3.05150009703537,149.466,4.6-stable (official),gl_compatibility,NVIDIA GeForce RTX 5070 Laptop GPU
2026-08-23_three_displays,BOE0CD1_UID512,\\.\DISPLAY1,BOE,BOE0CD1,65441,34.0,22.0,15.9436667175721,748.0,35.0,1190,770,0,2,2,1,121,Optimized Overview,121,101,20,1.0,0,0.0,37,0.36633663366337,0.10000000149012,30289.2424489796,40.4936396376733,559.52612244898,0,242.5,1,0,false,9.19754517955029,146.81,4.6-stable (official),gl_compatibility,NVIDIA GeForce RTX 5070 Laptop GPU
2026-08-23_three_displays,BOE0CD1_UID512,\\.\DISPLAY1,BOE,BOE0CD1,65441,34.0,22.0,15.9436667175721,748.0,35.0,1190,770,0,2,2,2,121,Optimized Search,121,101,20,1.0,6,0.05940594059406,37,0.36633663366337,0.10000000149012,30289.2424489796,40.4936396376733,559.52612244898,0,242.5,1,100,true,0.00499796051416,155.331,4.6-stable (official),gl_compatibility,NVIDIA GeForce RTX 5070 Laptop GPU
2026-08-23_three_displays,BOE0CD1_UID512,\\.\DISPLAY1,BOE,BOE0CD1,65441,34.0,22.0,15.9436667175721,748.0,35.0,1190,770,0,2,2,3,121,Subtree Focus,121,13,20,0.12871287128713,0,0.0,13,1.0,0.10000000149012,11790.9385714286,15.7632868601986,289.76,0,163.0,2,0,false,18.3950903591006,98.318,4.6-stable (official),gl_compatibility,NVIDIA GeForce RTX 5070 Laptop GPU
2026-08-23_three_displays,BOE0CD1_UID512,\\.\DISPLAY1,BOE,BOE0CD1,65441,34.0,22.0,15.9436667175721,748.0,35.0,1190,770,0,2,2,4,121,Context Collapse,121,11,20,0.10891089108911,0,0.0,3,0.27272727272727,0.10000000149012,20351.2285714286,27.2075248281131,255.102040816327,0,163.0,2,0,false,-1.0,95.981,4.6-stable (official),gl_compatibility,NVIDIA GeForce RTX 5070 Laptop GPU
2026-08-23_three_displays,BOE0CD1_UID512,\\.\DISPLAY1,BOE,BOE0CD1,65441,34.0,22.0,15.9436667175721,748.0,35.0,1190,770,0,2,2,5,121,Baseline,121,101,20,1.0,0,0.0,37,0.36633663366337,0.10000000149012,35579.5444897959,47.566235948925,5783.6,0,60.0,6,0,false,18.4305948442263,286.373,4.6-stable (official),gl_compatibility,NVIDIA GeForce RTX 5070 Laptop GPU
2026-08-23_three_displays,BOE0CD1_UID512,\\.\DISPLAY1,BOE,BOE0CD1,65441,34.0,22.0,15.9436667175721,748.0,35.0,1190,770,0,2,2,6,121,Compact Cards,121,101,20,1.0,0,0.0,37,0.36633663366337,0.10000000149012,31716.5681632653,42.4018290952745,2238.10448979592,0,163.0,2,0,false,18.3950903591006,118.614,4.6-stable (official),gl_compatibility,NVIDIA GeForce RTX 5070 Laptop GPU
2026-08-23_three_displays,BOE0CD1_UID512,\\.\DISPLAY1,BOE,BOE0CD1,65441,34.0,22.0,15.9436667175721,748.0,35.0,1190,770,0,2,3,1,241,Optimized Search,241,202,39,1.0,6,0.02970297029703,37,0.18316831683168,0.10000000149012,72814.5591836735,97.3456673578522,1122.84081632653,0,242.5,1,201,true,0.00499796051416,399.728,4.6-stable (official),gl_compatibility,NVIDIA GeForce RTX 5070 Laptop GPU
2026-08-23_three_displays,BOE0CD1_UID512,\\.\DISPLAY1,BOE,BOE0CD1,65441,34.0,22.0,15.9436667175721,748.0,35.0,1190,770,0,2,3,2,241,Subtree Focus,241,17,39,0.08415841584158,0,0.0,14,0.82352941176471,0.10000000149012,45582.8906632653,60.9396934000873,385.885714285714,0,163.0,2,0,false,-1.0,271.448,4.6-stable (official),gl_compatibility,NVIDIA GeForce RTX 5070 Laptop GPU
2026-08-23_three_displays,BOE0CD1_UID512,\\.\DISPLAY1,BOE,BOE0CD1,65441,34.0,22.0,15.9436667175721,748.0,35.0,1190,770,0,2,3,3,241,Context Collapse,241,14,39,0.06930693069307,0,0.0,7,0.5,0.10000000149012,56952.2130612245,76.1393222743643,330.715102040816,0,163.0,2,0,false,-1.0,161.868,4.6-stable (official),gl_compatibility,NVIDIA GeForce RTX 5070 Laptop GPU
2026-08-23_three_displays,BOE0CD1_UID512,\\.\DISPLAY1,BOE,BOE0CD1,65441,34.0,22.0,15.9436667175721,748.0,35.0,1190,770,0,2,3,4,241,Baseline,241,202,39,1.0,0,0.0,37,0.18316831683168,0.10000000149012,87050.4,116.377540106952,11564.3771428571,0,60.0,6,0,false,24.7211231465955,719.483,4.6-stable (official),gl_compatibility,NVIDIA GeForce RTX 5070 Laptop GPU
2026-08-23_three_displays,BOE0CD1_UID512,\\.\DISPLAY1,BOE,BOE0CD1,65441,34.0,22.0,15.9436667175721,748.0,35.0,1190,770,0,2,3,5,241,Compact Cards,241,202,39,1.0,0,0.0,37,0.18316831683168,0.10000000149012,75560.5730612245,101.01680890538,4491.36326530612,0,163.0,2,0,false,24.684469576798,248.492,4.6-stable (official),gl_compatibility,NVIDIA GeForce RTX 5070 Laptop GPU
2026-08-23_three_displays,BOE0CD1_UID512,\\.\DISPLAY1,BOE,BOE0CD1,65441,34.0,22.0,15.9436667175721,748.0,35.0,1190,770,0,2,3,6,241,Optimized Overview,241,202,39,1.0,0,0.0,37,0.18316831683168,0.10000000149012,72814.5591836735,97.3456673578522,1122.84081632653,0,242.5,1,0,false,12.342234788399,352.479,4.6-stable (official),gl_compatibility,NVIDIA GeForce RTX 5070 Laptop GPU
2026-08-23_three_displays,BOE0CD1_UID512,\\.\DISPLAY1,BOE,BOE0CD1,65441,34.0,22.0,15.9436667175721,748.0,35.0,1190,770,0,2,4,1,364,Subtree Focus,364,43,59,0.14098360655738,0,0.0,37,0.86046511627907,0.10000000149012,64295.582755102,85.9566614373022,962.218775510204,0,163.0,2,0,false,-1.0,839.389,4.6-stable (official),gl_compatibility,NVIDIA GeForce RTX 5070 Laptop GPU
2026-08-23_three_displays,BOE0CD1_UID512,\\.\DISPLAY1,BOE,BOE0CD1,65441,34.0,22.0,15.9436667175721,748.0,35.0,1190,770,0,2,4,2,364,Context Collapse,364,11,59,0.03606557377049,0,0.0,4,0.36363636363636,0.10000000149012,70653.8357142857,94.456999618029,259.251428571429,0,163.0,2,0,false,-1.0,238.019,4.6-stable (official),gl_compatibility,NVIDIA GeForce RTX 5070 Laptop GPU
2026-08-23_three_displays,BOE0CD1_UID512,\\.\DISPLAY1,BOE,BOE0CD1,65441,34.0,22.0,15.9436667175721,748.0,35.0,1190,770,0,2,4,3,364,Baseline,364,305,59,1.0,0,0.0,37,0.12131147540984,0.10000000149012,137730.976326531,184.132321292153,17461.76,0,60.0,6,0,false,57.0411915710549,1186.873,4.6-stable (official),gl_compatibility,NVIDIA GeForce RTX 5070 Laptop GPU
2026-08-23_three_displays,BOE0CD1_UID512,\\.\DISPLAY1,BOE,BOE0CD1,65441,34.0,22.0,15.9436667175721,748.0,35.0,1190,770,0,2,4,4,364,Compact Cards,364,305,59,1.0,0,0.0,37,0.12131147540984,0.10000000149012,114576.271020408,153.176832914984,6794.7012244898,0,163.0,2,0,false,57.0079759584712,477.781,4.6-stable (official),gl_compatibility,NVIDIA GeForce RTX 5070 Laptop GPU
2026-08-23_three_displays,BOE0CD1_UID512,\\.\DISPLAY1,BOE,BOE0CD1,65441,34.0,22.0,15.9436667175721,748.0,35.0,1190,770,0,2,4,5,364,Optimized Overview,364,305,59,1.0,0,0.0,37,0.12131147540984,0.10000000149012,110501.232653061,147.728920659173,1698.67530612245,0,242.5,1,0,false,28.5039879792356,729.699,4.6-stable (official),gl_compatibility,NVIDIA GeForce RTX 5070 Laptop GPU
2026-08-23_three_displays,BOE0CD1_UID512,\\.\DISPLAY1,BOE,BOE0CD1,65441,34.0,22.0,15.9436667175721,748.0,35.0,1190,770,0,2,4,6,364,Optimized Search,364,305,59,1.0,6,0.01967213114754,37,0.12131147540984,0.10000000149012,110501.232653061,147.728920659173,1698.67530612245,0,242.5,1,304,true,0.00499796051416,760.79,4.6-stable (official),gl_compatibility,NVIDIA GeForce RTX 5070 Laptop GPU
2026-08-23_three_displays,BOE0CD1_UID512,\\.\DISPLAY1,BOE,BOE0CD1,65441,34.0,22.0,15.9436667175721,748.0,35.0,1190,770,0,2,5,1,31,Context Collapse,31,8,5,0.30769230769231,0,0.0,8,1.0,0.18666027486324,3752.9012244898,5.01724762632326,185.164897959184,0,163.0,2,0,false,-1.0,49.635,4.6-stable (official),gl_compatibility,NVIDIA GeForce RTX 5070 Laptop GPU
2026-08-23_three_displays,BOE0CD1_UID512,\\.\DISPLAY1,BOE,BOE0CD1,65441,34.0,22.0,15.9436667175721,748.0,35.0,1190,770,0,2,5,2,31,Baseline,31,26,5,1.0,0,0.0,26,1.0,0.1402812898159,7207.53632653061,9.63574375204627,1487.86285714286,0,60.0,6,0,false,3.48553103911513,82.719,4.6-stable (official),gl_compatibility,NVIDIA GeForce RTX 5070 Laptop GPU
2026-08-23_three_displays,BOE0CD1_UID512,\\.\DISPLAY1,BOE,BOE0CD1,65441,34.0,22.0,15.9436667175721,748.0,35.0,1190,770,0,2,5,3,31,Compact Cards,31,26,5,1.0,0,0.0,26,1.0,0.14176385104656,6428.8,8.59465240641711,575.070204081633,0,163.0,2,0,false,3.44265860633972,49.919,4.6-stable (official),gl_compatibility,NVIDIA GeForce RTX 5070 Laptop GPU
2026-08-23_three_displays,BOE0CD1_UID512,\\.\DISPLAY1,BOE,BOE0CD1,65441,34.0,22.0,15.9436667175721,748.0,35.0,1190,770,0,2,5,4,31,Optimized Overview,31,26,5,1.0,0,0.0,26,1.0,0.14176385104656,5992.72163265306,8.01165993670195,143.767551020408,0,242.5,1,0,false,1.72132930316986,49.995,4.6-stable (official),gl_compatibility,NVIDIA GeForce RTX 5070 Laptop GPU
2026-08-23_three_displays,BOE0CD1_UID512,\\.\DISPLAY1,BOE,BOE0CD1,65441,34.0,22.0,15.9436667175721,748.0,35.0,1190,770,0,2,5,5,31,Optimized Search,31,26,5,1.0,6,0.23076923076923,26,1.0,0.14176385104656,5992.72163265306,8.01165993670195,143.767551020408,0,242.5,1,25,true,0.00499796051416,66.63,4.6-stable (official),gl_compatibility,NVIDIA GeForce RTX 5070 Laptop GPU
2026-08-23_three_displays,BOE0CD1_UID512,\\.\DISPLAY1,BOE,BOE0CD1,65441,34.0,22.0,15.9436667175721,748.0,35.0,1190,770,0,2,5,6,31,Subtree Focus,31,6,5,0.23076923076923,0,0.0,6,1.0,0.330641746521,2118.66040816327,2.83243370075303,138.565714285714,0,163.0,2,0,false,-1.0,50.188,4.6-stable (official),gl_compatibility,NVIDIA GeForce RTX 5070 Laptop GPU
2026-08-23_three_displays,BOE0CD1_UID512,\\.\DISPLAY1,BOE,BOE0CD1,65441,34.0,22.0,15.9436667175721,748.0,35.0,1190,770,0,3,1,1,121,Optimized Overview,121,101,20,1.0,0,0.0,37,0.36633663366337,0.10000000149012,30289.2424489796,40.4936396376733,559.52612244898,0,242.5,1,0,false,9.19754517955029,182.65,4.6-stable (official),gl_compatibility,NVIDIA GeForce RTX 5070 Laptop GPU
2026-08-23_three_displays,BOE0CD1_UID512,\\.\DISPLAY1,BOE,BOE0CD1,65441,34.0,22.0,15.9436667175721,748.0,35.0,1190,770,0,3,1,2,121,Optimized Search,121,101,20,1.0,6,0.05940594059406,37,0.36633663366337,0.10000000149012,30289.2424489796,40.4936396376733,559.52612244898,0,242.5,1,100,true,0.00499796051416,171.391,4.6-stable (official),gl_compatibility,NVIDIA GeForce RTX 5070 Laptop GPU
2026-08-23_three_displays,BOE0CD1_UID512,\\.\DISPLAY1,BOE,BOE0CD1,65441,34.0,22.0,15.9436667175721,748.0,35.0,1190,770,0,3,1,3,121,Subtree Focus,121,13,20,0.12871287128713,0,0.0,13,1.0,0.10000000149012,11790.9385714286,15.7632868601986,289.76,0,163.0,2,0,false,18.3950903591006,146.693,4.6-stable (official),gl_compatibility,NVIDIA GeForce RTX 5070 Laptop GPU
2026-08-23_three_displays,BOE0CD1_UID512,\\.\DISPLAY1,BOE,BOE0CD1,65441,34.0,22.0,15.9436667175721,748.0,35.0,1190,770,0,3,1,4,121,Context Collapse,121,11,20,0.10891089108911,0,0.0,3,0.27272727272727,0.10000000149012,20351.2285714286,27.2075248281131,255.102040816327,0,163.0,2,0,false,-1.0,97.438,4.6-stable (official),gl_compatibility,NVIDIA GeForce RTX 5070 Laptop GPU
2026-08-23_three_displays,BOE0CD1_UID512,\\.\DISPLAY1,BOE,BOE0CD1,65441,34.0,22.0,15.9436667175721,748.0,35.0,1190,770,0,3,1,5,121,Baseline,121,101,20,1.0,0,0.0,37,0.36633663366337,0.10000000149012,35579.5444897959,47.566235948925,5783.6,0,60.0,6,0,false,18.4305948442263,353.399,4.6-stable (official),gl_compatibility,NVIDIA GeForce RTX 5070 Laptop GPU
2026-08-23_three_displays,BOE0CD1_UID512,\\.\DISPLAY1,BOE,BOE0CD1,65441,34.0,22.0,15.9436667175721,748.0,35.0,1190,770,0,3,1,6,121,Compact Cards,121,101,20,1.0,0,0.0,37,0.36633663366337,0.10000000149012,31716.5681632653,42.4018290952745,2238.10448979592,0,163.0,2,0,false,18.3950903591006,113.388,4.6-stable (official),gl_compatibility,NVIDIA GeForce RTX 5070 Laptop GPU
2026-08-23_three_displays,BOE0CD1_UID512,\\.\DISPLAY1,BOE,BOE0CD1,65441,34.0,22.0,15.9436667175721,748.0,35.0,1190,770,0,3,2,1,241,Optimized Search,241,202,39,1.0,6,0.02970297029703,37,0.18316831683168,0.10000000149012,72814.5591836735,97.3456673578522,1122.84081632653,0,242.5,1,201,true,0.00499796051416,417.212,4.6-stable (official),gl_compatibility,NVIDIA GeForce RTX 5070 Laptop GPU
2026-08-23_three_displays,BOE0CD1_UID512,\\.\DISPLAY1,BOE,BOE0CD1,65441,34.0,22.0,15.9436667175721,748.0,35.0,1190,770,0,3,2,2,241,Subtree Focus,241,17,39,0.08415841584158,0,0.0,14,0.82352941176471,0.10000000149012,45582.8906632653,60.9396934000873,385.885714285714,0,163.0,2,0,false,-1.0,294.6,4.6-stable (official),gl_compatibility,NVIDIA GeForce RTX 5070 Laptop GPU
2026-08-23_three_displays,BOE0CD1_UID512,\\.\DISPLAY1,BOE,BOE0CD1,65441,34.0,22.0,15.9436667175721,748.0,35.0,1190,770,0,3,2,3,241,Context Collapse,241,14,39,0.06930693069307,0,0.0,7,0.5,0.10000000149012,56952.2130612245,76.1393222743643,330.715102040816,0,163.0,2,0,false,-1.0,175.282,4.6-stable (official),gl_compatibility,NVIDIA GeForce RTX 5070 Laptop GPU
2026-08-23_three_displays,BOE0CD1_UID512,\\.\DISPLAY1,BOE,BOE0CD1,65441,34.0,22.0,15.9436667175721,748.0,35.0,1190,770,0,3,2,4,241,Baseline,241,202,39,1.0,0,0.0,37,0.18316831683168,0.10000000149012,87050.4,116.377540106952,11564.3771428571,0,60.0,6,0,false,24.7211231465955,814.476,4.6-stable (official),gl_compatibility,NVIDIA GeForce RTX 5070 Laptop GPU
2026-08-23_three_displays,BOE0CD1_UID512,\\.\DISPLAY1,BOE,BOE0CD1,65441,34.0,22.0,15.9436667175721,748.0,35.0,1190,770,0,3,2,5,241,Compact Cards,241,202,39,1.0,0,0.0,37,0.18316831683168,0.10000000149012,75560.5730612245,101.01680890538,4491.36326530612,0,163.0,2,0,false,24.684469576798,303.326,4.6-stable (official),gl_compatibility,NVIDIA GeForce RTX 5070 Laptop GPU
2026-08-23_three_displays,BOE0CD1_UID512,\\.\DISPLAY1,BOE,BOE0CD1,65441,34.0,22.0,15.9436667175721,748.0,35.0,1190,770,0,3,2,6,241,Optimized Overview,241,202,39,1.0,0,0.0,37,0.18316831683168,0.10000000149012,72814.5591836735,97.3456673578522,1122.84081632653,0,242.5,1,0,false,12.342234788399,366.78,4.6-stable (official),gl_compatibility,NVIDIA GeForce RTX 5070 Laptop GPU
2026-08-23_three_displays,BOE0CD1_UID512,\\.\DISPLAY1,BOE,BOE0CD1,65441,34.0,22.0,15.9436667175721,748.0,35.0,1190,770,0,3,3,1,364,Subtree Focus,364,43,59,0.14098360655738,0,0.0,37,0.86046511627907,0.10000000149012,64295.582755102,85.9566614373022,962.218775510204,0,163.0,2,0,false,-1.0,872.983,4.6-stable (official),gl_compatibility,NVIDIA GeForce RTX 5070 Laptop GPU
2026-08-23_three_displays,BOE0CD1_UID512,\\.\DISPLAY1,BOE,BOE0CD1,65441,34.0,22.0,15.9436667175721,748.0,35.0,1190,770,0,3,3,2,364,Context Collapse,364,11,59,0.03606557377049,0,0.0,4,0.36363636363636,0.10000000149012,70653.8357142857,94.456999618029,259.251428571429,0,163.0,2,0,false,-1.0,203.862,4.6-stable (official),gl_compatibility,NVIDIA GeForce RTX 5070 Laptop GPU
2026-08-23_three_displays,BOE0CD1_UID512,\\.\DISPLAY1,BOE,BOE0CD1,65441,34.0,22.0,15.9436667175721,748.0,35.0,1190,770,0,3,3,3,364,Baseline,364,305,59,1.0,0,0.0,37,0.12131147540984,0.10000000149012,137730.976326531,184.132321292153,17461.76,0,60.0,6,0,false,57.0411915710549,1245.746,4.6-stable (official),gl_compatibility,NVIDIA GeForce RTX 5070 Laptop GPU
2026-08-23_three_displays,BOE0CD1_UID512,\\.\DISPLAY1,BOE,BOE0CD1,65441,34.0,22.0,15.9436667175721,748.0,35.0,1190,770,0,3,3,4,364,Compact Cards,364,305,59,1.0,0,0.0,37,0.12131147540984,0.10000000149012,114576.271020408,153.176832914984,6794.7012244898,0,163.0,2,0,false,57.0079759584712,523.099,4.6-stable (official),gl_compatibility,NVIDIA GeForce RTX 5070 Laptop GPU
2026-08-23_three_displays,BOE0CD1_UID512,\\.\DISPLAY1,BOE,BOE0CD1,65441,34.0,22.0,15.9436667175721,748.0,35.0,1190,770,0,3,3,5,364,Optimized Overview,364,305,59,1.0,0,0.0,37,0.12131147540984,0.10000000149012,110501.232653061,147.728920659173,1698.67530612245,0,242.5,1,0,false,28.5039879792356,672.236,4.6-stable (official),gl_compatibility,NVIDIA GeForce RTX 5070 Laptop GPU
2026-08-23_three_displays,BOE0CD1_UID512,\\.\DISPLAY1,BOE,BOE0CD1,65441,34.0,22.0,15.9436667175721,748.0,35.0,1190,770,0,3,3,6,364,Optimized Search,364,305,59,1.0,6,0.01967213114754,37,0.12131147540984,0.10000000149012,110501.232653061,147.728920659173,1698.67530612245,0,242.5,1,304,true,0.00499796051416,663.734,4.6-stable (official),gl_compatibility,NVIDIA GeForce RTX 5070 Laptop GPU
2026-08-23_three_displays,BOE0CD1_UID512,\\.\DISPLAY1,BOE,BOE0CD1,65441,34.0,22.0,15.9436667175721,748.0,35.0,1190,770,0,3,4,1,31,Context Collapse,31,8,5,0.30769230769231,0,0.0,8,1.0,0.18666027486324,3752.9012244898,5.01724762632326,185.164897959184,0,163.0,2,0,false,-1.0,48.11,4.6-stable (official),gl_compatibility,NVIDIA GeForce RTX 5070 Laptop GPU
2026-08-23_three_displays,BOE0CD1_UID512,\\.\DISPLAY1,BOE,BOE0CD1,65441,34.0,22.0,15.9436667175721,748.0,35.0,1190,770,0,3,4,2,31,Baseline,31,26,5,1.0,0,0.0,26,1.0,0.1402812898159,7207.53632653061,9.63574375204627,1487.86285714286,0,60.0,6,0,false,3.48553103911513,66.784,4.6-stable (official),gl_compatibility,NVIDIA GeForce RTX 5070 Laptop GPU
2026-08-23_three_displays,BOE0CD1_UID512,\\.\DISPLAY1,BOE,BOE0CD1,65441,34.0,22.0,15.9436667175721,748.0,35.0,1190,770,0,3,4,3,31,Compact Cards,31,26,5,1.0,0,0.0,26,1.0,0.14176385104656,6428.8,8.59465240641711,575.070204081633,0,163.0,2,0,false,3.44265860633972,49.774,4.6-stable (official),gl_compatibility,NVIDIA GeForce RTX 5070 Laptop GPU
2026-08-23_three_displays,BOE0CD1_UID512,\\.\DISPLAY1,BOE,BOE0CD1,65441,34.0,22.0,15.9436667175721,748.0,35.0,1190,770,0,3,4,4,31,Optimized Overview,31,26,5,1.0,0,0.0,26,1.0,0.14176385104656,5992.72163265306,8.01165993670195,143.767551020408,0,242.5,1,0,false,1.72132930316986,50.013,4.6-stable (official),gl_compatibility,NVIDIA GeForce RTX 5070 Laptop GPU
2026-08-23_three_displays,BOE0CD1_UID512,\\.\DISPLAY1,BOE,BOE0CD1,65441,34.0,22.0,15.9436667175721,748.0,35.0,1190,770,0,3,4,5,31,Optimized Search,31,26,5,1.0,6,0.23076923076923,26,1.0,0.14176385104656,5992.72163265306,8.01165993670195,143.767551020408,0,242.5,1,25,true,0.00499796051416,52.226,4.6-stable (official),gl_compatibility,NVIDIA GeForce RTX 5070 Laptop GPU
2026-08-23_three_displays,BOE0CD1_UID512,\\.\DISPLAY1,BOE,BOE0CD1,65441,34.0,22.0,15.9436667175721,748.0,35.0,1190,770,0,3,4,6,31,Subtree Focus,31,6,5,0.23076923076923,0,0.0,6,1.0,0.330641746521,2118.66040816327,2.83243370075303,138.565714285714,0,163.0,2,0,false,-1.0,50.249,4.6-stable (official),gl_compatibility,NVIDIA GeForce RTX 5070 Laptop GPU
2026-08-23_three_displays,BOE0CD1_UID512,\\.\DISPLAY1,BOE,BOE0CD1,65441,34.0,22.0,15.9436667175721,748.0,35.0,1190,770,0,3,5,1,61,Baseline,61,51,10,1.0,0,0.0,39,0.76470588235294,0.10000000149012,17003.4481632653,22.7318825712103,2917.31428571429,0,60.0,6,0,false,3.05150009703537,169.857,4.6-stable (official),gl_compatibility,NVIDIA GeForce RTX 5070 Laptop GPU
2026-08-23_three_displays,BOE0CD1_UID512,\\.\DISPLAY1,BOE,BOE0CD1,65441,34.0,22.0,15.9436667175721,748.0,35.0,1190,770,0,3,5,2,61,Compact Cards,61,51,10,1.0,0,0.0,39,0.76470588235294,0.10000000149012,15532.2906122449,20.7650944013969,1128.90612244898,0,163.0,2,0,false,2.99125380152026,63.66,4.6-stable (official),gl_compatibility,NVIDIA GeForce RTX 5070 Laptop GPU
2026-08-23_three_displays,BOE0CD1_UID512,\\.\DISPLAY1,BOE,BOE0CD1,65441,34.0,22.0,15.9436667175721,748.0,35.0,1190,770,0,3,5,3,61,Optimized Overview,61,51,10,1.0,0,0.0,39,0.76470588235294,0.10000000149012,14759.8465306122,19.7324151478773,282.226530612245,0,242.5,1,0,false,1.49562690076013,82.594,4.6-stable (official),gl_compatibility,NVIDIA GeForce RTX 5070 Laptop GPU
2026-08-23_three_displays,BOE0CD1_UID512,\\.\DISPLAY1,BOE,BOE0CD1,65441,34.0,22.0,15.9436667175721,748.0,35.0,1190,770,0,3,5,4,61,Optimized Search,61,51,10,1.0,7,0.13725490196078,39,0.76470588235294,0.10000000149012,14759.8465306122,19.7324151478773,282.226530612245,0,242.5,1,50,true,0.00499796051416,100.953,4.6-stable (official),gl_compatibility,NVIDIA GeForce RTX 5070 Laptop GPU
2026-08-23_three_displays,BOE0CD1_UID512,\\.\DISPLAY1,BOE,BOE0CD1,65441,34.0,22.0,15.9436667175721,748.0,35.0,1190,770,0,3,5,5,61,Subtree Focus,61,7,10,0.13725490196078,0,0.0,7,1.0,0.22678910195827,3959.77714285714,5.29381970970206,159.864489795918,0,163.0,2,0,false,-1.0,65.552,4.6-stable (official),gl_compatibility,NVIDIA GeForce RTX 5070 Laptop GPU
2026-08-23_three_displays,BOE0CD1_UID512,\\.\DISPLAY1,BOE,BOE0CD1,65441,34.0,22.0,15.9436667175721,748.0,35.0,1190,770,0,3,5,6,61,Context Collapse,61,11,10,0.2156862745098,0,0.0,11,1.0,0.10000000149012,9387.80571428571,12.5505423987777,253.062857142857,0,163.0,2,0,false,-1.0,65.266,4.6-stable (official),gl_compatibility,NVIDIA GeForce RTX 5070 Laptop GPU
2026-08-23_three_displays,SKG27A8_UID513,\\.\DISPLAY2,SKG,H27T22S,0000000000000,60.0,33.0,26.959162702,1980.0,35.0,2100,1155,1,1,1,1,31,Baseline,31,26,5,1.0,1,0.03846153846154,26,1.0,0.30436351895332,7207.53632653061,3.64016986188415,1487.86285714286,0,60.0,6,0,false,1.56323367353631,69.407,4.6-stable (official),gl_compatibility,NVIDIA GeForce RTX 5070 Laptop GPU
2026-08-23_three_displays,SKG27A8_UID513,\\.\DISPLAY2,SKG,H27T22S,0000000000000,60.0,33.0,26.959162702,1980.0,35.0,2100,1155,1,1,1,2,31,Compact Cards,31,26,5,1.0,1,0.03846153846154,26,1.0,0.30758017301559,6428.8,3.24686868686869,575.070204081633,0,163.0,2,0,false,1.5412337589399,33.353,4.6-stable (official),gl_compatibility,NVIDIA GeForce RTX 5070 Laptop GPU
2026-08-23_three_displays,SKG27A8_UID513,\\.\DISPLAY2,SKG,H27T22S,0000000000000,60.0,33.0,26.959162702,1980.0,35.0,2100,1155,1,1,1,3,31,Optimized Overview,31,26,5,1.0,12,0.46153846153846,26,1.0,0.30758017301559,5992.72163265306,3.02662708719852,143.767551020408,0,242.5,1,0,false,0.77061687946995,42.889,4.6-stable (official),gl_compatibility,NVIDIA GeForce RTX 5070 Laptop GPU
2026-08-23_three_displays,SKG27A8_UID513,\\.\DISPLAY2,SKG,H27T22S,0000000000000,60.0,33.0,26.959162702,1980.0,35.0,2100,1155,1,1,1,4,31,Optimized Search,31,26,5,1.0,16,0.61538461538462,26,1.0,0.30758017301559,5992.72163265306,3.02662708719852,143.767551020408,0,242.5,1,25,true,0.00259029426232,46.127,4.6-stable (official),gl_compatibility,NVIDIA GeForce RTX 5070 Laptop GPU
2026-08-23_three_displays,SKG27A8_UID513,\\.\DISPLAY2,SKG,H27T22S,0000000000000,60.0,33.0,26.959162702,1980.0,35.0,2100,1155,1,1,1,5,31,Subtree Focus,31,6,5,0.23076923076923,0,0.0,6,1.0,0.7173820734024,2118.66040816327,1.07003050917337,138.565714285714,0,163.0,2,0,false,-1.0,38.573,4.6-stable (official),gl_compatibility,NVIDIA GeForce RTX 5070 Laptop GPU
2026-08-23_three_displays,SKG27A8_UID513,\\.\DISPLAY2,SKG,H27T22S,0000000000000,60.0,33.0,26.959162702,1980.0,35.0,2100,1155,1,1,1,6,31,Context Collapse,31,8,5,0.30769230769231,1,0.125,8,1.0,0.40499040484428,3752.9012244898,1.89540465883323,185.164897959184,0,163.0,2,0,false,-1.0,45.114,4.6-stable (official),gl_compatibility,NVIDIA GeForce RTX 5070 Laptop GPU
2026-08-23_three_displays,SKG27A8_UID513,\\.\DISPLAY2,SKG,H27T22S,0000000000000,60.0,33.0,26.959162702,1980.0,35.0,2100,1155,1,1,2,1,61,Compact Cards,61,51,10,1.0,0,0.0,51,1.0,0.15676076710224,15532.2906122449,7.8445912183055,1128.90612244898,0,163.0,2,0,false,1.30781697542551,59.749,4.6-stable (official),gl_compatibility,NVIDIA GeForce RTX 5070 Laptop GPU
2026-08-23_three_displays,SKG27A8_UID513,\\.\DISPLAY2,SKG,H27T22S,0000000000000,60.0,33.0,26.959162702,1980.0,35.0,2100,1155,1,1,2,2,61,Optimized Overview,61,51,10,1.0,4,0.07843137254902,51,1.0,0.15676076710224,14759.8465306122,7.45446794475366,282.226530612245,0,242.5,1,0,false,0.65390848771276,59.386,4.6-stable (official),gl_compatibility,NVIDIA GeForce RTX 5070 Laptop GPU
2026-08-23_three_displays,SKG27A8_UID513,\\.\DISPLAY2,SKG,H27T22S,0000000000000,60.0,33.0,26.959162702,1980.0,35.0,2100,1155,1,1,2,3,61,Optimized Search,61,51,10,1.0,18,0.35294117647059,51,1.0,0.15676076710224,14759.8465306122,7.45446794475366,282.226530612245,0,242.5,1,50,true,0.00259029426232,63.508,4.6-stable (official),gl_compatibility,NVIDIA GeForce RTX 5070 Laptop GPU
2026-08-23_three_displays,SKG27A8_UID513,\\.\DISPLAY2,SKG,H27T22S,0000000000000,60.0,33.0,26.959162702,1980.0,35.0,2100,1155,1,1,2,4,61,Subtree Focus,61,7,10,0.13725490196078,0,0.0,7,1.0,0.49205654859543,3959.77714285714,1.99988744588745,159.864489795918,0,163.0,2,0,false,-1.0,45.373,4.6-stable (official),gl_compatibility,NVIDIA GeForce RTX 5070 Laptop GPU
2026-08-23_three_displays,SKG27A8_UID513,\\.\DISPLAY2,SKG,H27T22S,0000000000000,60.0,33.0,26.959162702,1980.0,35.0,2100,1155,1,1,2,5,61,Context Collapse,61,11,10,0.2156862745098,0,0.0,11,1.0,0.207549482584,9387.80571428571,4.74131601731602,253.062857142857,0,163.0,2,0,false,-1.0,46.429,4.6-stable (official),gl_compatibility,NVIDIA GeForce RTX 5070 Laptop GPU
2026-08-23_three_displays,SKG27A8_UID513,\\.\DISPLAY2,SKG,H27T22S,0000000000000,60.0,33.0,26.959162702,1980.0,35.0,2100,1155,1,1,2,6,61,Baseline,61,51,10,1.0,0,0.0,51,1.0,0.15592093765736,17003.4481632653,8.58760008245723,2917.31428571429,0,60.0,6,0,false,1.3395483210517,122.019,4.6-stable (official),gl_compatibility,NVIDIA GeForce RTX 5070 Laptop GPU
2026-08-23_three_displays,SKG27A8_UID513,\\.\DISPLAY2,SKG,H27T22S,0000000000000,60.0,33.0,26.959162702,1980.0,35.0,2100,1155,1,1,3,1,121,Optimized Overview,121,101,20,1.0,4,0.03960396039604,81,0.8019801980198,0.10000000149012,30289.2424489796,15.2975971964543,559.52612244898,0,242.5,1,0,false,4.65139612873632,119.384,4.6-stable (official),gl_compatibility,NVIDIA GeForce RTX 5070 Laptop GPU
2026-08-23_three_displays,SKG27A8_UID513,\\.\DISPLAY2,SKG,H27T22S,0000000000000,60.0,33.0,26.959162702,1980.0,35.0,2100,1155,1,1,3,2,121,Optimized Search,121,101,20,1.0,16,0.15841584158416,81,0.8019801980198,0.10000000149012,30289.2424489796,15.2975971964543,559.52612244898,0,242.5,1,100,true,0.00259029426232,119.693,4.6-stable (official),gl_compatibility,NVIDIA GeForce RTX 5070 Laptop GPU
2026-08-23_three_displays,SKG27A8_UID513,\\.\DISPLAY2,SKG,H27T22S,0000000000000,60.0,33.0,26.959162702,1980.0,35.0,2100,1155,1,1,3,3,121,Subtree Focus,121,13,20,0.12871287128713,0,0.0,13,1.0,0.20650212466717,11790.9385714286,5.95501948051948,289.76,0,163.0,2,0,false,9.30279225747265,98.839,4.6-stable (official),gl_compatibility,NVIDIA GeForce RTX 5070 Laptop GPU
2026-08-23_three_displays,SKG27A8_UID513,\\.\DISPLAY2,SKG,H27T22S,0000000000000,60.0,33.0,26.959162702,1980.0,35.0,2100,1155,1,1,3,4,121,Context Collapse,121,11,20,0.10891089108911,0,0.0,11,1.0,0.10000000149012,20351.2285714286,10.2783982683983,255.102040816327,0,163.0,2,0,false,-1.0,72.131,4.6-stable (official),gl_compatibility,NVIDIA GeForce RTX 5070 Laptop GPU
2026-08-23_three_displays,SKG27A8_UID513,\\.\DISPLAY2,SKG,H27T22S,0000000000000,60.0,33.0,26.959162702,1980.0,35.0,2100,1155,1,1,3,5,121,Baseline,121,101,20,1.0,0,0.0,79,0.78217821782178,0.10000000149012,35579.5444897959,17.9694669140383,5783.6,0,60.0,6,0,false,9.32077687868457,250.577,4.6-stable (official),gl_compatibility,NVIDIA GeForce RTX 5070 Laptop GPU
2026-08-23_three_displays,SKG27A8_UID513,\\.\DISPLAY2,SKG,H27T22S,0000000000000,60.0,33.0,26.959162702,1980.0,35.0,2100,1155,1,1,3,6,121,Compact Cards,121,101,20,1.0,0,0.0,81,0.8019801980198,0.10000000149012,31716.5681632653,16.0184687693259,2238.10448979592,0,163.0,2,0,false,9.30279225747265,77.727,4.6-stable (official),gl_compatibility,NVIDIA GeForce RTX 5070 Laptop GPU
2026-08-23_three_displays,SKG27A8_UID513,\\.\DISPLAY2,SKG,H27T22S,0000000000000,60.0,33.0,26.959162702,1980.0,35.0,2100,1155,1,1,4,1,241,Optimized Search,241,202,39,1.0,17,0.08415841584158,80,0.3960396039604,0.10000000149012,72814.5591836735,36.7750298907442,1122.84081632653,0,242.5,1,201,true,0.00259029426232,291.648,4.6-stable (official),gl_compatibility,NVIDIA GeForce RTX 5070 Laptop GPU
2026-08-23_three_displays,SKG27A8_UID513,\\.\DISPLAY2,SKG,H27T22S,0000000000000,60.0,33.0,26.959162702,1980.0,35.0,2100,1155,1,1,4,2,241,Subtree Focus,241,17,39,0.08415841584158,0,0.0,15,0.88235294117647,0.10000000149012,45582.8906632653,23.0216619511441,385.885714285714,0,163.0,2,0,false,-1.0,242.248,4.6-stable (official),gl_compatibility,NVIDIA GeForce RTX 5070 Laptop GPU
2026-08-23_three_displays,SKG27A8_UID513,\\.\DISPLAY2,SKG,H27T22S,0000000000000,60.0,33.0,26.959162702,1980.0,35.0,2100,1155,1,1,4,3,241,Context Collapse,241,14,39,0.06930693069307,0,0.0,9,0.64285714285714,0.10000000149012,56952.2130612245,28.7637439703154,330.715102040816,0,163.0,2,0,false,-1.0,176.395,4.6-stable (official),gl_compatibility,NVIDIA GeForce RTX 5070 Laptop GPU
2026-08-23_three_displays,SKG27A8_UID513,\\.\DISPLAY2,SKG,H27T22S,0000000000000,60.0,33.0,26.959162702,1980.0,35.0,2100,1155,1,1,4,4,241,Baseline,241,202,39,1.0,0,0.0,78,0.38613861386139,0.10000000149012,87050.4,43.9648484848485,11564.3771428571,0,60.0,6,0,false,12.5814552927003,619.106,4.6-stable (official),gl_compatibility,NVIDIA GeForce RTX 5070 Laptop GPU
2026-08-23_three_displays,SKG27A8_UID513,\\.\DISPLAY2,SKG,H27T22S,0000000000000,60.0,33.0,26.959162702,1980.0,35.0,2100,1155,1,1,4,5,241,Compact Cards,241,202,39,1.0,0,0.0,80,0.3960396039604,0.10000000149012,75560.5730612245,38.161905586477,4491.36326530612,0,163.0,2,0,false,12.5628558620615,202.278,4.6-stable (official),gl_compatibility,NVIDIA GeForce RTX 5070 Laptop GPU
2026-08-23_three_displays,SKG27A8_UID513,\\.\DISPLAY2,SKG,H27T22S,0000000000000,60.0,33.0,26.959162702,1980.0,35.0,2100,1155,1,1,4,6,241,Optimized Overview,241,202,39,1.0,1,0.0049504950495,80,0.3960396039604,0.10000000149012,72814.5591836735,36.7750298907442,1122.84081632653,0,242.5,1,0,false,6.28142793103077,296.109,4.6-stable (official),gl_compatibility,NVIDIA GeForce RTX 5070 Laptop GPU
2026-08-23_three_displays,SKG27A8_UID513,\\.\DISPLAY2,SKG,H27T22S,0000000000000,60.0,33.0,26.959162702,1980.0,35.0,2100,1155,1,1,5,1,364,Subtree Focus,364,43,59,0.14098360655738,0,0.0,41,0.95348837209302,0.10000000149012,64295.582755102,32.4725165429808,962.218775510204,0,163.0,2,0,false,-1.0,825.38,4.6-stable (official),gl_compatibility,NVIDIA GeForce RTX 5070 Laptop GPU
2026-08-23_three_displays,SKG27A8_UID513,\\.\DISPLAY2,SKG,H27T22S,0000000000000,60.0,33.0,26.959162702,1980.0,35.0,2100,1155,1,1,5,2,364,Context Collapse,364,11,59,0.03606557377049,0,0.0,6,0.54545454545455,0.10000000149012,70653.8357142857,35.6837554112554,259.251428571429,0,163.0,2,0,false,-1.0,192.389,4.6-stable (official),gl_compatibility,NVIDIA GeForce RTX 5070 Laptop GPU
2026-08-23_three_displays,SKG27A8_UID513,\\.\DISPLAY2,SKG,H27T22S,0000000000000,60.0,33.0,26.959162702,1980.0,35.0,2100,1155,1,1,5,3,364,Baseline,364,305,59,1.0,0,0.0,78,0.25573770491803,0.10000000149012,137730.976326531,69.5610991548134,17461.76,0,60.0,6,0,false,29.3353311427535,1081.357,4.6-stable (official),gl_compatibility,NVIDIA GeForce RTX 5070 Laptop GPU
2026-08-23_three_displays,SKG27A8_UID513,\\.\DISPLAY2,SKG,H27T22S,0000000000000,60.0,33.0,26.959162702,1980.0,35.0,2100,1155,1,1,5,4,364,Compact Cards,364,305,59,1.0,0,0.0,80,0.26229508196721,0.10000000149012,114576.271020408,57.8668035456607,6794.7012244898,0,163.0,2,0,false,29.3183882284231,401.53,4.6-stable (official),gl_compatibility,NVIDIA GeForce RTX 5070 Laptop GPU
2026-08-23_three_displays,SKG27A8_UID513,\\.\DISPLAY2,SKG,H27T22S,0000000000000,60.0,33.0,26.959162702,1980.0,35.0,2100,1155,1,1,5,5,364,Optimized Overview,364,305,59,1.0,1,0.00327868852459,80,0.26229508196721,0.10000000149012,110501.232653061,55.8087033601319,1698.67530612245,0,242.5,1,0,false,14.6591941142116,538.936,4.6-stable (official),gl_compatibility,NVIDIA GeForce RTX 5070 Laptop GPU
2026-08-23_three_displays,SKG27A8_UID513,\\.\DISPLAY2,SKG,H27T22S,0000000000000,60.0,33.0,26.959162702,1980.0,35.0,2100,1155,1,1,5,6,364,Optimized Search,364,305,59,1.0,15,0.04918032786885,80,0.26229508196721,0.10000000149012,110501.232653061,55.8087033601319,1698.67530612245,0,242.5,1,304,true,0.00259029426232,630.464,4.6-stable (official),gl_compatibility,NVIDIA GeForce RTX 5070 Laptop GPU
2026-08-23_three_displays,SKG27A8_UID513,\\.\DISPLAY2,SKG,H27T22S,0000000000000,60.0,33.0,26.959162702,1980.0,35.0,2100,1155,1,2,1,1,61,Compact Cards,61,51,10,1.0,0,0.0,51,1.0,0.15676076710224,15532.2906122449,7.8445912183055,1128.90612244898,0,163.0,2,0,false,1.30781697542551,39.174,4.6-stable (official),gl_compatibility,NVIDIA GeForce RTX 5070 Laptop GPU
2026-08-23_three_displays,SKG27A8_UID513,\\.\DISPLAY2,SKG,H27T22S,0000000000000,60.0,33.0,26.959162702,1980.0,35.0,2100,1155,1,2,1,2,61,Optimized Overview,61,51,10,1.0,4,0.07843137254902,51,1.0,0.15676076710224,14759.8465306122,7.45446794475366,282.226530612245,0,242.5,1,0,false,0.65390848771276,50.629,4.6-stable (official),gl_compatibility,NVIDIA GeForce RTX 5070 Laptop GPU
2026-08-23_three_displays,SKG27A8_UID513,\\.\DISPLAY2,SKG,H27T22S,0000000000000,60.0,33.0,26.959162702,1980.0,35.0,2100,1155,1,2,1,3,61,Optimized Search,61,51,10,1.0,18,0.35294117647059,51,1.0,0.15676076710224,14759.8465306122,7.45446794475366,282.226530612245,0,242.5,1,50,true,0.00259029426232,58.072,4.6-stable (official),gl_compatibility,NVIDIA GeForce RTX 5070 Laptop GPU
2026-08-23_three_displays,SKG27A8_UID513,\\.\DISPLAY2,SKG,H27T22S,0000000000000,60.0,33.0,26.959162702,1980.0,35.0,2100,1155,1,2,1,4,61,Subtree Focus,61,7,10,0.13725490196078,0,0.0,7,1.0,0.49205654859543,3959.77714285714,1.99988744588745,159.864489795918,0,163.0,2,0,false,-1.0,47.845,4.6-stable (official),gl_compatibility,NVIDIA GeForce RTX 5070 Laptop GPU
2026-08-23_three_displays,SKG27A8_UID513,\\.\DISPLAY2,SKG,H27T22S,0000000000000,60.0,33.0,26.959162702,1980.0,35.0,2100,1155,1,2,1,5,61,Context Collapse,61,11,10,0.2156862745098,0,0.0,11,1.0,0.207549482584,9387.80571428571,4.74131601731602,253.062857142857,0,163.0,2,0,false,-1.0,53.726,4.6-stable (official),gl_compatibility,NVIDIA GeForce RTX 5070 Laptop GPU
2026-08-23_three_displays,SKG27A8_UID513,\\.\DISPLAY2,SKG,H27T22S,0000000000000,60.0,33.0,26.959162702,1980.0,35.0,2100,1155,1,2,1,6,61,Baseline,61,51,10,1.0,0,0.0,51,1.0,0.15592093765736,17003.4481632653,8.58760008245723,2917.31428571429,0,60.0,6,0,false,1.3395483210517,194.279,4.6-stable (official),gl_compatibility,NVIDIA GeForce RTX 5070 Laptop GPU
2026-08-23_three_displays,SKG27A8_UID513,\\.\DISPLAY2,SKG,H27T22S,0000000000000,60.0,33.0,26.959162702,1980.0,35.0,2100,1155,1,2,2,1,121,Optimized Overview,121,101,20,1.0,4,0.03960396039604,81,0.8019801980198,0.10000000149012,30289.2424489796,15.2975971964543,559.52612244898,0,242.5,1,0,false,4.65139612873632,127.644,4.6-stable (official),gl_compatibility,NVIDIA GeForce RTX 5070 Laptop GPU
2026-08-23_three_displays,SKG27A8_UID513,\\.\DISPLAY2,SKG,H27T22S,0000000000000,60.0,33.0,26.959162702,1980.0,35.0,2100,1155,1,2,2,2,121,Optimized Search,121,101,20,1.0,16,0.15841584158416,81,0.8019801980198,0.10000000149012,30289.2424489796,15.2975971964543,559.52612244898,0,242.5,1,100,true,0.00259029426232,140.928,4.6-stable (official),gl_compatibility,NVIDIA GeForce RTX 5070 Laptop GPU
2026-08-23_three_displays,SKG27A8_UID513,\\.\DISPLAY2,SKG,H27T22S,0000000000000,60.0,33.0,26.959162702,1980.0,35.0,2100,1155,1,2,2,3,121,Subtree Focus,121,13,20,0.12871287128713,0,0.0,13,1.0,0.20650212466717,11790.9385714286,5.95501948051948,289.76,0,163.0,2,0,false,9.30279225747265,114.778,4.6-stable (official),gl_compatibility,NVIDIA GeForce RTX 5070 Laptop GPU
2026-08-23_three_displays,SKG27A8_UID513,\\.\DISPLAY2,SKG,H27T22S,0000000000000,60.0,33.0,26.959162702,1980.0,35.0,2100,1155,1,2,2,4,121,Context Collapse,121,11,20,0.10891089108911,0,0.0,11,1.0,0.10000000149012,20351.2285714286,10.2783982683983,255.102040816327,0,163.0,2,0,false,-1.0,95.699,4.6-stable (official),gl_compatibility,NVIDIA GeForce RTX 5070 Laptop GPU
2026-08-23_three_displays,SKG27A8_UID513,\\.\DISPLAY2,SKG,H27T22S,0000000000000,60.0,33.0,26.959162702,1980.0,35.0,2100,1155,1,2,2,5,121,Baseline,121,101,20,1.0,0,0.0,79,0.78217821782178,0.10000000149012,35579.5444897959,17.9694669140383,5783.6,0,60.0,6,0,false,9.32077687868457,318.05,4.6-stable (official),gl_compatibility,NVIDIA GeForce RTX 5070 Laptop GPU
2026-08-23_three_displays,SKG27A8_UID513,\\.\DISPLAY2,SKG,H27T22S,0000000000000,60.0,33.0,26.959162702,1980.0,35.0,2100,1155,1,2,2,6,121,Compact Cards,121,101,20,1.0,0,0.0,81,0.8019801980198,0.10000000149012,31716.5681632653,16.0184687693259,2238.10448979592,0,163.0,2,0,false,9.30279225747265,85.107,4.6-stable (official),gl_compatibility,NVIDIA GeForce RTX 5070 Laptop GPU
2026-08-23_three_displays,SKG27A8_UID513,\\.\DISPLAY2,SKG,H27T22S,0000000000000,60.0,33.0,26.959162702,1980.0,35.0,2100,1155,1,2,3,1,241,Optimized Search,241,202,39,1.0,17,0.08415841584158,80,0.3960396039604,0.10000000149012,72814.5591836735,36.7750298907442,1122.84081632653,0,242.5,1,201,true,0.00259029426232,372.189,4.6-stable (official),gl_compatibility,NVIDIA GeForce RTX 5070 Laptop GPU
2026-08-23_three_displays,SKG27A8_UID513,\\.\DISPLAY2,SKG,H27T22S,0000000000000,60.0,33.0,26.959162702,1980.0,35.0,2100,1155,1,2,3,2,241,Subtree Focus,241,17,39,0.08415841584158,0,0.0,15,0.88235294117647,0.10000000149012,45582.8906632653,23.0216619511441,385.885714285714,0,163.0,2,0,false,-1.0,224.287,4.6-stable (official),gl_compatibility,NVIDIA GeForce RTX 5070 Laptop GPU
2026-08-23_three_displays,SKG27A8_UID513,\\.\DISPLAY2,SKG,H27T22S,0000000000000,60.0,33.0,26.959162702,1980.0,35.0,2100,1155,1,2,3,3,241,Context Collapse,241,14,39,0.06930693069307,0,0.0,9,0.64285714285714,0.10000000149012,56952.2130612245,28.7637439703154,330.715102040816,0,163.0,2,0,false,-1.0,199.302,4.6-stable (official),gl_compatibility,NVIDIA GeForce RTX 5070 Laptop GPU
2026-08-23_three_displays,SKG27A8_UID513,\\.\DISPLAY2,SKG,H27T22S,0000000000000,60.0,33.0,26.959162702,1980.0,35.0,2100,1155,1,2,3,4,241,Baseline,241,202,39,1.0,0,0.0,78,0.38613861386139,0.10000000149012,87050.4,43.9648484848485,11564.3771428571,0,60.0,6,0,false,12.5814552927003,604.268,4.6-stable (official),gl_compatibility,NVIDIA GeForce RTX 5070 Laptop GPU
2026-08-23_three_displays,SKG27A8_UID513,\\.\DISPLAY2,SKG,H27T22S,0000000000000,60.0,33.0,26.959162702,1980.0,35.0,2100,1155,1,2,3,5,241,Compact Cards,241,202,39,1.0,0,0.0,80,0.3960396039604,0.10000000149012,75560.5730612245,38.161905586477,4491.36326530612,0,163.0,2,0,false,12.5628558620615,197.51,4.6-stable (official),gl_compatibility,NVIDIA GeForce RTX 5070 Laptop GPU
2026-08-23_three_displays,SKG27A8_UID513,\\.\DISPLAY2,SKG,H27T22S,0000000000000,60.0,33.0,26.959162702,1980.0,35.0,2100,1155,1,2,3,6,241,Optimized Overview,241,202,39,1.0,1,0.0049504950495,80,0.3960396039604,0.10000000149012,72814.5591836735,36.7750298907442,1122.84081632653,0,242.5,1,0,false,6.28142793103077,295.575,4.6-stable (official),gl_compatibility,NVIDIA GeForce RTX 5070 Laptop GPU
2026-08-23_three_displays,SKG27A8_UID513,\\.\DISPLAY2,SKG,H27T22S,0000000000000,60.0,33.0,26.959162702,1980.0,35.0,2100,1155,1,2,4,1,364,Subtree Focus,364,43,59,0.14098360655738,0,0.0,41,0.95348837209302,0.10000000149012,64295.582755102,32.4725165429808,962.218775510204,0,163.0,2,0,false,-1.0,862.861,4.6-stable (official),gl_compatibility,NVIDIA GeForce RTX 5070 Laptop GPU
2026-08-23_three_displays,SKG27A8_UID513,\\.\DISPLAY2,SKG,H27T22S,0000000000000,60.0,33.0,26.959162702,1980.0,35.0,2100,1155,1,2,4,2,364,Context Collapse,364,11,59,0.03606557377049,0,0.0,6,0.54545454545455,0.10000000149012,70653.8357142857,35.6837554112554,259.251428571429,0,163.0,2,0,false,-1.0,201.634,4.6-stable (official),gl_compatibility,NVIDIA GeForce RTX 5070 Laptop GPU
2026-08-23_three_displays,SKG27A8_UID513,\\.\DISPLAY2,SKG,H27T22S,0000000000000,60.0,33.0,26.959162702,1980.0,35.0,2100,1155,1,2,4,3,364,Baseline,364,305,59,1.0,0,0.0,78,0.25573770491803,0.10000000149012,137730.976326531,69.5610991548134,17461.76,0,60.0,6,0,false,29.3353311427535,1061.604,4.6-stable (official),gl_compatibility,NVIDIA GeForce RTX 5070 Laptop GPU
2026-08-23_three_displays,SKG27A8_UID513,\\.\DISPLAY2,SKG,H27T22S,0000000000000,60.0,33.0,26.959162702,1980.0,35.0,2100,1155,1,2,4,4,364,Compact Cards,364,305,59,1.0,0,0.0,80,0.26229508196721,0.10000000149012,114576.271020408,57.8668035456607,6794.7012244898,0,163.0,2,0,false,29.3183882284231,322.1,4.6-stable (official),gl_compatibility,NVIDIA GeForce RTX 5070 Laptop GPU
2026-08-23_three_displays,SKG27A8_UID513,\\.\DISPLAY2,SKG,H27T22S,0000000000000,60.0,33.0,26.959162702,1980.0,35.0,2100,1155,1,2,4,5,364,Optimized Overview,364,305,59,1.0,1,0.00327868852459,80,0.26229508196721,0.10000000149012,110501.232653061,55.8087033601319,1698.67530612245,0,242.5,1,0,false,14.6591941142116,553.974,4.6-stable (official),gl_compatibility,NVIDIA GeForce RTX 5070 Laptop GPU
2026-08-23_three_displays,SKG27A8_UID513,\\.\DISPLAY2,SKG,H27T22S,0000000000000,60.0,33.0,26.959162702,1980.0,35.0,2100,1155,1,2,4,6,364,Optimized Search,364,305,59,1.0,15,0.04918032786885,80,0.26229508196721,0.10000000149012,110501.232653061,55.8087033601319,1698.67530612245,0,242.5,1,304,true,0.00259029426232,560.494,4.6-stable (official),gl_compatibility,NVIDIA GeForce RTX 5070 Laptop GPU
2026-08-23_three_displays,SKG27A8_UID513,\\.\DISPLAY2,SKG,H27T22S,0000000000000,60.0,33.0,26.959162702,1980.0,35.0,2100,1155,1,2,5,1,31,Context Collapse,31,8,5,0.30769230769231,1,0.125,8,1.0,0.40499040484428,3752.9012244898,1.89540465883323,185.164897959184,0,163.0,2,0,false,-1.0,30.588,4.6-stable (official),gl_compatibility,NVIDIA GeForce RTX 5070 Laptop GPU
2026-08-23_three_displays,SKG27A8_UID513,\\.\DISPLAY2,SKG,H27T22S,0000000000000,60.0,33.0,26.959162702,1980.0,35.0,2100,1155,1,2,5,2,31,Baseline,31,26,5,1.0,1,0.03846153846154,26,1.0,0.30436351895332,7207.53632653061,3.64016986188415,1487.86285714286,0,60.0,6,0,false,1.56323367353631,62.391,4.6-stable (official),gl_compatibility,NVIDIA GeForce RTX 5070 Laptop GPU
2026-08-23_three_displays,SKG27A8_UID513,\\.\DISPLAY2,SKG,H27T22S,0000000000000,60.0,33.0,26.959162702,1980.0,35.0,2100,1155,1,2,5,3,31,Compact Cards,31,26,5,1.0,1,0.03846153846154,26,1.0,0.30758017301559,6428.8,3.24686868686869,575.070204081633,0,163.0,2,0,false,1.5412337589399,21.333,4.6-stable (official),gl_compatibility,NVIDIA GeForce RTX 5070 Laptop GPU
2026-08-23_three_displays,SKG27A8_UID513,\\.\DISPLAY2,SKG,H27T22S,0000000000000,60.0,33.0,26.959162702,1980.0,35.0,2100,1155,1,2,5,4,31,Optimized Overview,31,26,5,1.0,12,0.46153846153846,26,1.0,0.30758017301559,5992.72163265306,3.02662708719852,143.767551020408,0,242.5,1,0,false,0.77061687946995,29.979,4.6-stable (official),gl_compatibility,NVIDIA GeForce RTX 5070 Laptop GPU
2026-08-23_three_displays,SKG27A8_UID513,\\.\DISPLAY2,SKG,H27T22S,0000000000000,60.0,33.0,26.959162702,1980.0,35.0,2100,1155,1,2,5,5,31,Optimized Search,31,26,5,1.0,16,0.61538461538462,26,1.0,0.30758017301559,5992.72163265306,3.02662708719852,143.767551020408,0,242.5,1,25,true,0.00259029426232,35.799,4.6-stable (official),gl_compatibility,NVIDIA GeForce RTX 5070 Laptop GPU
2026-08-23_three_displays,SKG27A8_UID513,\\.\DISPLAY2,SKG,H27T22S,0000000000000,60.0,33.0,26.959162702,1980.0,35.0,2100,1155,1,2,5,6,31,Subtree Focus,31,6,5,0.23076923076923,0,0.0,6,1.0,0.7173820734024,2118.66040816327,1.07003050917337,138.565714285714,0,163.0,2,0,false,-1.0,33.043,4.6-stable (official),gl_compatibility,NVIDIA GeForce RTX 5070 Laptop GPU
2026-08-23_three_displays,SKG27A8_UID513,\\.\DISPLAY2,SKG,H27T22S,0000000000000,60.0,33.0,26.959162702,1980.0,35.0,2100,1155,1,3,1,1,121,Optimized Overview,121,101,20,1.0,4,0.03960396039604,81,0.8019801980198,0.10000000149012,30289.2424489796,15.2975971964543,559.52612244898,0,242.5,1,0,false,4.65139612873632,113.848,4.6-stable (official),gl_compatibility,NVIDIA GeForce RTX 5070 Laptop GPU
2026-08-23_three_displays,SKG27A8_UID513,\\.\DISPLAY2,SKG,H27T22S,0000000000000,60.0,33.0,26.959162702,1980.0,35.0,2100,1155,1,3,1,2,121,Optimized Search,121,101,20,1.0,16,0.15841584158416,81,0.8019801980198,0.10000000149012,30289.2424489796,15.2975971964543,559.52612244898,0,242.5,1,100,true,0.00259029426232,119.46,4.6-stable (official),gl_compatibility,NVIDIA GeForce RTX 5070 Laptop GPU
2026-08-23_three_displays,SKG27A8_UID513,\\.\DISPLAY2,SKG,H27T22S,0000000000000,60.0,33.0,26.959162702,1980.0,35.0,2100,1155,1,3,1,3,121,Subtree Focus,121,13,20,0.12871287128713,0,0.0,13,1.0,0.20650212466717,11790.9385714286,5.95501948051948,289.76,0,163.0,2,0,false,9.30279225747265,95.021,4.6-stable (official),gl_compatibility,NVIDIA GeForce RTX 5070 Laptop GPU
2026-08-23_three_displays,SKG27A8_UID513,\\.\DISPLAY2,SKG,H27T22S,0000000000000,60.0,33.0,26.959162702,1980.0,35.0,2100,1155,1,3,1,4,121,Context Collapse,121,11,20,0.10891089108911,0,0.0,11,1.0,0.10000000149012,20351.2285714286,10.2783982683983,255.102040816327,0,163.0,2,0,false,-1.0,71.423,4.6-stable (official),gl_compatibility,NVIDIA GeForce RTX 5070 Laptop GPU
2026-08-23_three_displays,SKG27A8_UID513,\\.\DISPLAY2,SKG,H27T22S,0000000000000,60.0,33.0,26.959162702,1980.0,35.0,2100,1155,1,3,1,5,121,Baseline,121,101,20,1.0,0,0.0,79,0.78217821782178,0.10000000149012,35579.5444897959,17.9694669140383,5783.6,0,60.0,6,0,false,9.32077687868457,252.582,4.6-stable (official),gl_compatibility,NVIDIA GeForce RTX 5070 Laptop GPU
2026-08-23_three_displays,SKG27A8_UID513,\\.\DISPLAY2,SKG,H27T22S,0000000000000,60.0,33.0,26.959162702,1980.0,35.0,2100,1155,1,3,1,6,121,Compact Cards,121,101,20,1.0,0,0.0,81,0.8019801980198,0.10000000149012,31716.5681632653,16.0184687693259,2238.10448979592,0,163.0,2,0,false,9.30279225747265,96.873,4.6-stable (official),gl_compatibility,NVIDIA GeForce RTX 5070 Laptop GPU
2026-08-23_three_displays,SKG27A8_UID513,\\.\DISPLAY2,SKG,H27T22S,0000000000000,60.0,33.0,26.959162702,1980.0,35.0,2100,1155,1,3,2,1,241,Optimized Search,241,202,39,1.0,17,0.08415841584158,80,0.3960396039604,0.10000000149012,72814.5591836735,36.7750298907442,1122.84081632653,0,242.5,1,201,true,0.00259029426232,323.174,4.6-stable (official),gl_compatibility,NVIDIA GeForce RTX 5070 Laptop GPU
2026-08-23_three_displays,SKG27A8_UID513,\\.\DISPLAY2,SKG,H27T22S,0000000000000,60.0,33.0,26.959162702,1980.0,35.0,2100,1155,1,3,2,2,241,Subtree Focus,241,17,39,0.08415841584158,0,0.0,15,0.88235294117647,0.10000000149012,45582.8906632653,23.0216619511441,385.885714285714,0,163.0,2,0,false,-1.0,230.413,4.6-stable (official),gl_compatibility,NVIDIA GeForce RTX 5070 Laptop GPU
2026-08-23_three_displays,SKG27A8_UID513,\\.\DISPLAY2,SKG,H27T22S,0000000000000,60.0,33.0,26.959162702,1980.0,35.0,2100,1155,1,3,2,3,241,Context Collapse,241,14,39,0.06930693069307,0,0.0,9,0.64285714285714,0.10000000149012,56952.2130612245,28.7637439703154,330.715102040816,0,163.0,2,0,false,-1.0,140.33,4.6-stable (official),gl_compatibility,NVIDIA GeForce RTX 5070 Laptop GPU
2026-08-23_three_displays,SKG27A8_UID513,\\.\DISPLAY2,SKG,H27T22S,0000000000000,60.0,33.0,26.959162702,1980.0,35.0,2100,1155,1,3,2,4,241,Baseline,241,202,39,1.0,0,0.0,78,0.38613861386139,0.10000000149012,87050.4,43.9648484848485,11564.3771428571,0,60.0,6,0,false,12.5814552927003,601.044,4.6-stable (official),gl_compatibility,NVIDIA GeForce RTX 5070 Laptop GPU
2026-08-23_three_displays,SKG27A8_UID513,\\.\DISPLAY2,SKG,H27T22S,0000000000000,60.0,33.0,26.959162702,1980.0,35.0,2100,1155,1,3,2,5,241,Compact Cards,241,202,39,1.0,0,0.0,80,0.3960396039604,0.10000000149012,75560.5730612245,38.161905586477,4491.36326530612,0,163.0,2,0,false,12.5628558620615,181.172,4.6-stable (official),gl_compatibility,NVIDIA GeForce RTX 5070 Laptop GPU
2026-08-23_three_displays,SKG27A8_UID513,\\.\DISPLAY2,SKG,H27T22S,0000000000000,60.0,33.0,26.959162702,1980.0,35.0,2100,1155,1,3,2,6,241,Optimized Overview,241,202,39,1.0,1,0.0049504950495,80,0.3960396039604,0.10000000149012,72814.5591836735,36.7750298907442,1122.84081632653,0,242.5,1,0,false,6.28142793103077,355.899,4.6-stable (official),gl_compatibility,NVIDIA GeForce RTX 5070 Laptop GPU
2026-08-23_three_displays,SKG27A8_UID513,\\.\DISPLAY2,SKG,H27T22S,0000000000000,60.0,33.0,26.959162702,1980.0,35.0,2100,1155,1,3,3,1,364,Subtree Focus,364,43,59,0.14098360655738,0,0.0,41,0.95348837209302,0.10000000149012,64295.582755102,32.4725165429808,962.218775510204,0,163.0,2,0,false,-1.0,906.816,4.6-stable (official),gl_compatibility,NVIDIA GeForce RTX 5070 Laptop GPU
2026-08-23_three_displays,SKG27A8_UID513,\\.\DISPLAY2,SKG,H27T22S,0000000000000,60.0,33.0,26.959162702,1980.0,35.0,2100,1155,1,3,3,2,364,Context Collapse,364,11,59,0.03606557377049,0,0.0,6,0.54545454545455,0.10000000149012,70653.8357142857,35.6837554112554,259.251428571429,0,163.0,2,0,false,-1.0,197.661,4.6-stable (official),gl_compatibility,NVIDIA GeForce RTX 5070 Laptop GPU
2026-08-23_three_displays,SKG27A8_UID513,\\.\DISPLAY2,SKG,H27T22S,0000000000000,60.0,33.0,26.959162702,1980.0,35.0,2100,1155,1,3,3,3,364,Baseline,364,305,59,1.0,0,0.0,78,0.25573770491803,0.10000000149012,137730.976326531,69.5610991548134,17461.76,0,60.0,6,0,false,29.3353311427535,1081.984,4.6-stable (official),gl_compatibility,NVIDIA GeForce RTX 5070 Laptop GPU
2026-08-23_three_displays,SKG27A8_UID513,\\.\DISPLAY2,SKG,H27T22S,0000000000000,60.0,33.0,26.959162702,1980.0,35.0,2100,1155,1,3,3,4,364,Compact Cards,364,305,59,1.0,0,0.0,80,0.26229508196721,0.10000000149012,114576.271020408,57.8668035456607,6794.7012244898,0,163.0,2,0,false,29.3183882284231,336.607,4.6-stable (official),gl_compatibility,NVIDIA GeForce RTX 5070 Laptop GPU
2026-08-23_three_displays,SKG27A8_UID513,\\.\DISPLAY2,SKG,H27T22S,0000000000000,60.0,33.0,26.959162702,1980.0,35.0,2100,1155,1,3,3,5,364,Optimized Overview,364,305,59,1.0,1,0.00327868852459,80,0.26229508196721,0.10000000149012,110501.232653061,55.8087033601319,1698.67530612245,0,242.5,1,0,false,14.6591941142116,532.45,4.6-stable (official),gl_compatibility,NVIDIA GeForce RTX 5070 Laptop GPU
2026-08-23_three_displays,SKG27A8_UID513,\\.\DISPLAY2,SKG,H27T22S,0000000000000,60.0,33.0,26.959162702,1980.0,35.0,2100,1155,1,3,3,6,364,Optimized Search,364,305,59,1.0,15,0.04918032786885,80,0.26229508196721,0.10000000149012,110501.232653061,55.8087033601319,1698.67530612245,0,242.5,1,304,true,0.00259029426232,615.708,4.6-stable (official),gl_compatibility,NVIDIA GeForce RTX 5070 Laptop GPU
2026-08-23_three_displays,SKG27A8_UID513,\\.\DISPLAY2,SKG,H27T22S,0000000000000,60.0,33.0,26.959162702,1980.0,35.0,2100,1155,1,3,4,1,31,Context Collapse,31,8,5,0.30769230769231,1,0.125,8,1.0,0.40499040484428,3752.9012244898,1.89540465883323,185.164897959184,0,163.0,2,0,false,-1.0,38.197,4.6-stable (official),gl_compatibility,NVIDIA GeForce RTX 5070 Laptop GPU
2026-08-23_three_displays,SKG27A8_UID513,\\.\DISPLAY2,SKG,H27T22S,0000000000000,60.0,33.0,26.959162702,1980.0,35.0,2100,1155,1,3,4,2,31,Baseline,31,26,5,1.0,1,0.03846153846154,26,1.0,0.30436351895332,7207.53632653061,3.64016986188415,1487.86285714286,0,60.0,6,0,false,1.56323367353631,68.282,4.6-stable (official),gl_compatibility,NVIDIA GeForce RTX 5070 Laptop GPU
2026-08-23_three_displays,SKG27A8_UID513,\\.\DISPLAY2,SKG,H27T22S,0000000000000,60.0,33.0,26.959162702,1980.0,35.0,2100,1155,1,3,4,3,31,Compact Cards,31,26,5,1.0,1,0.03846153846154,26,1.0,0.30758017301559,6428.8,3.24686868686869,575.070204081633,0,163.0,2,0,false,1.5412337589399,24.913,4.6-stable (official),gl_compatibility,NVIDIA GeForce RTX 5070 Laptop GPU
2026-08-23_three_displays,SKG27A8_UID513,\\.\DISPLAY2,SKG,H27T22S,0000000000000,60.0,33.0,26.959162702,1980.0,35.0,2100,1155,1,3,4,4,31,Optimized Overview,31,26,5,1.0,12,0.46153846153846,26,1.0,0.30758017301559,5992.72163265306,3.02662708719852,143.767551020408,0,242.5,1,0,false,0.77061687946995,31.8,4.6-stable (official),gl_compatibility,NVIDIA GeForce RTX 5070 Laptop GPU
2026-08-23_three_displays,SKG27A8_UID513,\\.\DISPLAY2,SKG,H27T22S,0000000000000,60.0,33.0,26.959162702,1980.0,35.0,2100,1155,1,3,4,5,31,Optimized Search,31,26,5,1.0,16,0.61538461538462,26,1.0,0.30758017301559,5992.72163265306,3.02662708719852,143.767551020408,0,242.5,1,25,true,0.00259029426232,31.152,4.6-stable (official),gl_compatibility,NVIDIA GeForce RTX 5070 Laptop GPU
2026-08-23_three_displays,SKG27A8_UID513,\\.\DISPLAY2,SKG,H27T22S,0000000000000,60.0,33.0,26.959162702,1980.0,35.0,2100,1155,1,3,4,6,31,Subtree Focus,31,6,5,0.23076923076923,0,0.0,6,1.0,0.7173820734024,2118.66040816327,1.07003050917337,138.565714285714,0,163.0,2,0,false,-1.0,28.113,4.6-stable (official),gl_compatibility,NVIDIA GeForce RTX 5070 Laptop GPU
2026-08-23_three_displays,SKG27A8_UID513,\\.\DISPLAY2,SKG,H27T22S,0000000000000,60.0,33.0,26.959162702,1980.0,35.0,2100,1155,1,3,5,1,61,Baseline,61,51,10,1.0,0,0.0,51,1.0,0.15592093765736,17003.4481632653,8.58760008245723,2917.31428571429,0,60.0,6,0,false,1.3395483210517,119.523,4.6-stable (official),gl_compatibility,NVIDIA GeForce RTX 5070 Laptop GPU
2026-08-23_three_displays,SKG27A8_UID513,\\.\DISPLAY2,SKG,H27T22S,0000000000000,60.0,33.0,26.959162702,1980.0,35.0,2100,1155,1,3,5,2,61,Compact Cards,61,51,10,1.0,0,0.0,51,1.0,0.15676076710224,15532.2906122449,7.8445912183055,1128.90612244898,0,163.0,2,0,false,1.30781697542551,45.277,4.6-stable (official),gl_compatibility,NVIDIA GeForce RTX 5070 Laptop GPU
2026-08-23_three_displays,SKG27A8_UID513,\\.\DISPLAY2,SKG,H27T22S,0000000000000,60.0,33.0,26.959162702,1980.0,35.0,2100,1155,1,3,5,3,61,Optimized Overview,61,51,10,1.0,4,0.07843137254902,51,1.0,0.15676076710224,14759.8465306122,7.45446794475366,282.226530612245,0,242.5,1,0,false,0.65390848771276,72.976,4.6-stable (official),gl_compatibility,NVIDIA GeForce RTX 5070 Laptop GPU
2026-08-23_three_displays,SKG27A8_UID513,\\.\DISPLAY2,SKG,H27T22S,0000000000000,60.0,33.0,26.959162702,1980.0,35.0,2100,1155,1,3,5,4,61,Optimized Search,61,51,10,1.0,18,0.35294117647059,51,1.0,0.15676076710224,14759.8465306122,7.45446794475366,282.226530612245,0,242.5,1,50,true,0.00259029426232,71.453,4.6-stable (official),gl_compatibility,NVIDIA GeForce RTX 5070 Laptop GPU
2026-08-23_three_displays,SKG27A8_UID513,\\.\DISPLAY2,SKG,H27T22S,0000000000000,60.0,33.0,26.959162702,1980.0,35.0,2100,1155,1,3,5,5,61,Subtree Focus,61,7,10,0.13725490196078,0,0.0,7,1.0,0.49205654859543,3959.77714285714,1.99988744588745,159.864489795918,0,163.0,2,0,false,-1.0,49.845,4.6-stable (official),gl_compatibility,NVIDIA GeForce RTX 5070 Laptop GPU
2026-08-23_three_displays,SKG27A8_UID513,\\.\DISPLAY2,SKG,H27T22S,0000000000000,60.0,33.0,26.959162702,1980.0,35.0,2100,1155,1,3,5,6,61,Context Collapse,61,11,10,0.2156862745098,0,0.0,11,1.0,0.207549482584,9387.80571428571,4.74131601731602,253.062857142857,0,163.0,2,0,false,-1.0,64.166,4.6-stable (official),gl_compatibility,NVIDIA GeForce RTX 5070 Laptop GPU
2026-08-23_three_displays,AOCB319_UID4352,\\.\DISPLAY6,AOC,U32G3X,XYDP6JA001072,70.0,39.0,31.5476939016782,2730.0,35.0,2450,1365,2,1,1,1,31,Baseline,31,26,5,1.0,3,0.11538461538462,26,1.0,0.36747205257416,7207.53632653061,2.64012319653136,1487.86285714286,0,60.0,6,0,false,1.21945696797645,81.603,4.6-stable (official),gl_compatibility,NVIDIA GeForce RTX 5070 Laptop GPU
2026-08-23_three_displays,AOCB319_UID4352,\\.\DISPLAY6,AOC,U32G3X,XYDP6JA001072,70.0,39.0,31.5476939016782,2730.0,35.0,2450,1365,2,1,1,2,31,Compact Cards,31,26,5,1.0,3,0.11538461538462,26,1.0,0.37135568261147,6428.8,2.35487179487179,575.070204081633,0,163.0,2,0,false,1.20140523370945,49.6,4.6-stable (official),gl_compatibility,NVIDIA GeForce RTX 5070 Laptop GPU
2026-08-23_three_displays,AOCB319_UID4352,\\.\DISPLAY6,AOC,U32G3X,XYDP6JA001072,70.0,39.0,31.5476939016782,2730.0,35.0,2450,1365,2,1,1,3,31,Optimized Overview,31,26,5,1.0,13,0.5,26,1.0,0.37135568261147,5992.72163265306,2.19513612917695,143.767551020408,0,242.5,1,0,false,0.60070261685472,49.351,4.6-stable (official),gl_compatibility,NVIDIA GeForce RTX 5070 Laptop GPU
2026-08-23_three_displays,AOCB319_UID4352,\\.\DISPLAY6,AOC,U32G3X,XYDP6JA001072,70.0,39.0,31.5476939016782,2730.0,35.0,2450,1365,2,1,1,4,31,Optimized Search,31,26,5,1.0,17,0.65384615384615,26,1.0,0.37135568261147,5992.72163265306,2.19513612917695,143.767551020408,0,242.5,1,25,true,0.00215622115024,55.844,4.6-stable (official),gl_compatibility,NVIDIA GeForce RTX 5070 Laptop GPU
2026-08-23_three_displays,AOCB319_UID4352,\\.\DISPLAY6,AOC,U32G3X,XYDP6JA001072,70.0,39.0,31.5476939016782,2730.0,35.0,2450,1365,2,1,1,5,31,Subtree Focus,31,6,5,0.23076923076923,0,0.0,6,1.0,0.86612832546234,2118.66040816327,0.77606608357629,138.565714285714,0,163.0,2,0,false,-1.0,48.979,4.6-stable (official),gl_compatibility,NVIDIA GeForce RTX 5070 Laptop GPU
2026-08-23_three_displays,AOCB319_UID4352,\\.\DISPLAY6,AOC,U32G3X,XYDP6JA001072,70.0,39.0,31.5476939016782,2730.0,35.0,2450,1365,2,1,1,6,31,Context Collapse,31,8,5,0.30769230769231,1,0.125,8,1.0,0.48896354436874,3752.9012244898,1.37468909321971,185.164897959184,0,163.0,2,0,false,-1.0,48.696,4.6-stable (official),gl_compatibility,NVIDIA GeForce RTX 5070 Laptop GPU
2026-08-23_three_displays,AOCB319_UID4352,\\.\DISPLAY6,AOC,U32G3X,XYDP6JA001072,70.0,39.0,31.5476939016782,2730.0,35.0,2450,1365,2,1,2,1,61,Compact Cards,61,51,10,1.0,1,0.01960784313725,51,1.0,0.18926449120045,15532.2906122449,5.68948374074905,1128.90612244898,0,163.0,2,0,false,1.00487355714222,64.552,4.6-stable (official),gl_compatibility,NVIDIA GeForce RTX 5070 Laptop GPU
2026-08-23_three_displays,AOCB319_UID4352,\\.\DISPLAY6,AOC,U32G3X,XYDP6JA001072,70.0,39.0,31.5476939016782,2730.0,35.0,2450,1365,2,1,2,2,61,Optimized Overview,61,51,10,1.0,14,0.27450980392157,51,1.0,0.18926449120045,14759.8465306122,5.40653719070046,282.226530612245,0,242.5,1,0,false,0.50243677857111,85.993,4.6-stable (official),gl_compatibility,NVIDIA GeForce RTX 5070 Laptop GPU
2026-08-23_three_displays,AOCB319_UID4352,\\.\DISPLAY6,AOC,U32G3X,XYDP6JA001072,70.0,39.0,31.5476939016782,2730.0,35.0,2450,1365,2,1,2,3,61,Optimized Search,61,51,10,1.0,20,0.3921568627451,51,1.0,0.18926449120045,14759.8465306122,5.40653719070046,282.226530612245,0,242.5,1,50,true,0.00215622115024,85.535,4.6-stable (official),gl_compatibility,NVIDIA GeForce RTX 5070 Laptop GPU
2026-08-23_three_displays,AOCB319_UID4352,\\.\DISPLAY6,AOC,U32G3X,XYDP6JA001072,70.0,39.0,31.5476939016782,2730.0,35.0,2450,1365,2,1,2,4,61,Subtree Focus,61,7,10,0.13725490196078,0,0.0,7,1.0,0.59408247470856,3959.77714285714,1.45046781789639,159.864489795918,0,163.0,2,0,false,-1.0,47.263,4.6-stable (official),gl_compatibility,NVIDIA GeForce RTX 5070 Laptop GPU
2026-08-23_three_displays,AOCB319_UID4352,\\.\DISPLAY6,AOC,U32G3X,XYDP6JA001072,70.0,39.0,31.5476939016782,2730.0,35.0,2450,1365,2,1,2,5,61,Context Collapse,61,11,10,0.2156862745098,1,0.09090909090909,11,1.0,0.25058403611183,9387.80571428571,3.43875667189953,253.062857142857,0,163.0,2,0,false,-1.0,66.271,4.6-stable (official),gl_compatibility,NVIDIA GeForce RTX 5070 Laptop GPU
2026-08-23_three_displays,AOCB319_UID4352,\\.\DISPLAY6,AOC,U32G3X,XYDP6JA001072,70.0,39.0,31.5476939016782,2730.0,35.0,2450,1365,2,1,2,6,61,Baseline,61,51,10,1.0,1,0.01960784313725,51,1.0,0.18825051188469,17003.4481632653,6.22836929057337,2917.31428571429,0,60.0,6,0,false,1.03125517960839,150.452,4.6-stable (official),gl_compatibility,NVIDIA GeForce RTX 5070 Laptop GPU
2026-08-23_three_displays,AOCB319_UID4352,\\.\DISPLAY6,AOC,U32G3X,XYDP6JA001072,70.0,39.0,31.5476939016782,2730.0,35.0,2450,1365,2,1,3,1,121,Optimized Overview,121,101,20,1.0,13,0.12871287128713,96,0.95049504950495,0.10000000149012,30289.2424489796,11.0949606040218,559.52612244898,0,242.5,1,0,false,3.83463957646458,137.589,4.6-stable (official),gl_compatibility,NVIDIA GeForce RTX 5070 Laptop GPU
2026-08-23_three_displays,AOCB319_UID4352,\\.\DISPLAY6,AOC,U32G3X,XYDP6JA001072,70.0,39.0,31.5476939016782,2730.0,35.0,2450,1365,2,1,3,2,121,Optimized Search,121,101,20,1.0,19,0.18811881188119,96,0.95049504950495,0.10000000149012,30289.2424489796,11.0949606040218,559.52612244898,0,242.5,1,100,true,0.00215622115024,150.232,4.6-stable (official),gl_compatibility,NVIDIA GeForce RTX 5070 Laptop GPU
2026-08-23_three_displays,AOCB319_UID4352,\\.\DISPLAY6,AOC,U32G3X,XYDP6JA001072,70.0,39.0,31.5476939016782,2730.0,35.0,2450,1365,2,1,3,3,121,Subtree Focus,121,13,20,0.12871287128713,0,0.0,13,1.0,0.24931950867176,11790.9385714286,4.3190251177394,289.76,0,163.0,2,0,false,7.66927915292916,110.976,4.6-stable (official),gl_compatibility,NVIDIA GeForce RTX 5070 Laptop GPU
2026-08-23_three_displays,AOCB319_UID4352,\\.\DISPLAY6,AOC,U32G3X,XYDP6JA001072,70.0,39.0,31.5476939016782,2730.0,35.0,2450,1365,2,1,3,4,121,Context Collapse,121,11,20,0.10891089108911,0,0.0,11,1.0,0.11730846762657,20351.2285714286,7.45466248037677,255.102040816327,0,163.0,2,0,false,-1.0,82.753,4.6-stable (official),gl_compatibility,NVIDIA GeForce RTX 5070 Laptop GPU
2026-08-23_three_displays,AOCB319_UID4352,\\.\DISPLAY6,AOC,U32G3X,XYDP6JA001072,70.0,39.0,31.5476939016782,2730.0,35.0,2450,1365,2,1,3,5,121,Baseline,121,101,20,1.0,1,0.00990099009901,96,0.95049504950495,0.10000000149012,35579.5444897959,13.0328001794124,5783.6,0,60.0,6,0,false,7.68404060441975,296.137,4.6-stable (official),gl_compatibility,NVIDIA GeForce RTX 5070 Laptop GPU
2026-08-23_three_displays,AOCB319_UID4352,\\.\DISPLAY6,AOC,U32G3X,XYDP6JA001072,70.0,39.0,31.5476939016782,2730.0,35.0,2450,1365,2,1,3,6,121,Compact Cards,121,101,20,1.0,1,0.00990099009901,96,0.95049504950495,0.10000000149012,31716.5681632653,11.6177905359946,2238.10448979592,0,163.0,2,0,false,7.66927915292916,100.648,4.6-stable (official),gl_compatibility,NVIDIA GeForce RTX 5070 Laptop GPU
2026-08-23_three_displays,AOCB319_UID4352,\\.\DISPLAY6,AOC,U32G3X,XYDP6JA001072,70.0,39.0,31.5476939016782,2730.0,35.0,2450,1365,2,1,4,1,241,Optimized Search,241,202,39,1.0,20,0.0990099009901,94,0.46534653465347,0.10000000149012,72814.5591836735,26.6719997009793,1122.84081632653,0,242.5,1,201,true,0.00215622115024,508.687,4.6-stable (official),gl_compatibility,NVIDIA GeForce RTX 5070 Laptop GPU
2026-08-23_three_displays,AOCB319_UID4352,\\.\DISPLAY6,AOC,U32G3X,XYDP6JA001072,70.0,39.0,31.5476939016782,2730.0,35.0,2450,1365,2,1,4,2,241,Subtree Focus,241,17,39,0.08415841584158,0,0.0,15,0.88235294117647,0.10000000149012,45582.8906632653,16.6970295469836,385.885714285714,0,163.0,2,0,false,-1.0,227.097,4.6-stable (official),gl_compatibility,NVIDIA GeForce RTX 5070 Laptop GPU
2026-08-23_three_displays,AOCB319_UID4352,\\.\DISPLAY6,AOC,U32G3X,XYDP6JA001072,70.0,39.0,31.5476939016782,2730.0,35.0,2450,1365,2,1,4,3,241,Context Collapse,241,14,39,0.06930693069307,0,0.0,9,0.64285714285714,0.10000000149012,56952.2130612245,20.861616505943,330.715102040816,0,163.0,2,0,false,-1.0,142.918,4.6-stable (official),gl_compatibility,NVIDIA GeForce RTX 5070 Laptop GPU
2026-08-23_three_displays,AOCB319_UID4352,\\.\DISPLAY6,AOC,U32G3X,XYDP6JA001072,70.0,39.0,31.5476939016782,2730.0,35.0,2450,1365,2,1,4,4,241,Baseline,241,202,39,1.0,0,0.0,94,0.46534653465347,0.10000000149012,87050.4,31.8865934065934,11564.3771428571,0,60.0,6,0,false,10.3984807785579,670.377,4.6-stable (official),gl_compatibility,NVIDIA GeForce RTX 5070 Laptop GPU
2026-08-23_three_displays,AOCB319_UID4352,\\.\DISPLAY6,AOC,U32G3X,XYDP6JA001072,70.0,39.0,31.5476939016782,2730.0,35.0,2450,1365,2,1,4,5,241,Compact Cards,241,202,39,1.0,0,0.0,94,0.46534653465347,0.10000000149012,75560.5730612245,27.6778655901921,4491.36326530612,0,163.0,2,0,false,10.383193908595,246.05,4.6-stable (official),gl_compatibility,NVIDIA GeForce RTX 5070 Laptop GPU
2026-08-23_three_displays,AOCB319_UID4352,\\.\DISPLAY6,AOC,U32G3X,XYDP6JA001072,70.0,39.0,31.5476939016782,2730.0,35.0,2450,1365,2,1,4,6,241,Optimized Overview,241,202,39,1.0,4,0.01980198019802,94,0.46534653465347,0.10000000149012,72814.5591836735,26.6719997009793,1122.84081632653,0,242.5,1,0,false,5.19159695429752,350.013,4.6-stable (official),gl_compatibility,NVIDIA GeForce RTX 5070 Laptop GPU
2026-08-23_three_displays,AOCB319_UID4352,\\.\DISPLAY6,AOC,U32G3X,XYDP6JA001072,70.0,39.0,31.5476939016782,2730.0,35.0,2450,1365,2,1,5,1,364,Subtree Focus,364,43,59,0.14098360655738,0,0.0,41,0.95348837209302,0.10000000149012,64295.582755102,23.5514955146894,962.218775510204,0,163.0,2,0,false,-1.0,835.518,4.6-stable (official),gl_compatibility,NVIDIA GeForce RTX 5070 Laptop GPU
2026-08-23_three_displays,AOCB319_UID4352,\\.\DISPLAY6,AOC,U32G3X,XYDP6JA001072,70.0,39.0,31.5476939016782,2730.0,35.0,2450,1365,2,1,5,2,364,Context Collapse,364,11,59,0.03606557377049,0,0.0,6,0.54545454545455,0.10000000149012,70653.8357142857,25.8805259026688,259.251428571429,0,163.0,2,0,false,-1.0,222.352,4.6-stable (official),gl_compatibility,NVIDIA GeForce RTX 5070 Laptop GPU
2026-08-23_three_displays,AOCB319_UID4352,\\.\DISPLAY6,AOC,U32G3X,XYDP6JA001072,70.0,39.0,31.5476939016782,2730.0,35.0,2450,1365,2,1,5,3,364,Baseline,364,305,59,1.0,0,0.0,94,0.30819672131148,0.10000000149012,137730.976326531,50.4509070793153,17461.76,0,60.0,6,0,false,24.3462876728303,1483.201,4.6-stable (official),gl_compatibility,NVIDIA GeForce RTX 5070 Laptop GPU
2026-08-23_three_displays,AOCB319_UID4352,\\.\DISPLAY6,AOC,U32G3X,XYDP6JA001072,70.0,39.0,31.5476939016782,2730.0,35.0,2450,1365,2,1,5,4,364,Compact Cards,364,305,59,1.0,0,0.0,94,0.30819672131148,0.10000000149012,114576.271020408,41.9693300441056,6794.7012244898,0,163.0,2,0,false,24.3323107393029,473.611,4.6-stable (official),gl_compatibility,NVIDIA GeForce RTX 5070 Laptop GPU
2026-08-23_three_displays,AOCB319_UID4352,\\.\DISPLAY6,AOC,U32G3X,XYDP6JA001072,70.0,39.0,31.5476939016782,2730.0,35.0,2450,1365,2,1,5,5,364,Optimized Overview,364,305,59,1.0,4,0.01311475409836,94,0.30819672131148,0.10000000149012,110501.232653061,40.4766419974583,1698.67530612245,0,242.5,1,0,false,12.1661553696514,783.714,4.6-stable (official),gl_compatibility,NVIDIA GeForce RTX 5070 Laptop GPU
2026-08-23_three_displays,AOCB319_UID4352,\\.\DISPLAY6,AOC,U32G3X,XYDP6JA001072,70.0,39.0,31.5476939016782,2730.0,35.0,2450,1365,2,1,5,6,364,Optimized Search,364,305,59,1.0,17,0.05573770491803,94,0.30819672131148,0.10000000149012,110501.232653061,40.4766419974583,1698.67530612245,0,242.5,1,304,true,0.00215622115024,790.267,4.6-stable (official),gl_compatibility,NVIDIA GeForce RTX 5070 Laptop GPU
2026-08-23_three_displays,AOCB319_UID4352,\\.\DISPLAY6,AOC,U32G3X,XYDP6JA001072,70.0,39.0,31.5476939016782,2730.0,35.0,2450,1365,2,2,1,1,61,Compact Cards,61,51,10,1.0,1,0.01960784313725,51,1.0,0.18926449120045,15532.2906122449,5.68948374074905,1128.90612244898,0,163.0,2,0,false,1.00487355714222,66.658,4.6-stable (official),gl_compatibility,NVIDIA GeForce RTX 5070 Laptop GPU
2026-08-23_three_displays,AOCB319_UID4352,\\.\DISPLAY6,AOC,U32G3X,XYDP6JA001072,70.0,39.0,31.5476939016782,2730.0,35.0,2450,1365,2,2,1,2,61,Optimized Overview,61,51,10,1.0,14,0.27450980392157,51,1.0,0.18926449120045,14759.8465306122,5.40653719070046,282.226530612245,0,242.5,1,0,false,0.50243677857111,85.193,4.6-stable (official),gl_compatibility,NVIDIA GeForce RTX 5070 Laptop GPU
2026-08-23_three_displays,AOCB319_UID4352,\\.\DISPLAY6,AOC,U32G3X,XYDP6JA001072,70.0,39.0,31.5476939016782,2730.0,35.0,2450,1365,2,2,1,3,61,Optimized Search,61,51,10,1.0,20,0.3921568627451,51,1.0,0.18926449120045,14759.8465306122,5.40653719070046,282.226530612245,0,242.5,1,50,true,0.00215622115024,103.794,4.6-stable (official),gl_compatibility,NVIDIA GeForce RTX 5070 Laptop GPU
2026-08-23_three_displays,AOCB319_UID4352,\\.\DISPLAY6,AOC,U32G3X,XYDP6JA001072,70.0,39.0,31.5476939016782,2730.0,35.0,2450,1365,2,2,1,4,61,Subtree Focus,61,7,10,0.13725490196078,0,0.0,7,1.0,0.59408247470856,3959.77714285714,1.45046781789639,159.864489795918,0,163.0,2,0,false,-1.0,65.284,4.6-stable (official),gl_compatibility,NVIDIA GeForce RTX 5070 Laptop GPU
2026-08-23_three_displays,AOCB319_UID4352,\\.\DISPLAY6,AOC,U32G3X,XYDP6JA001072,70.0,39.0,31.5476939016782,2730.0,35.0,2450,1365,2,2,1,5,61,Context Collapse,61,11,10,0.2156862745098,1,0.09090909090909,11,1.0,0.25058403611183,9387.80571428571,3.43875667189953,253.062857142857,0,163.0,2,0,false,-1.0,48.541,4.6-stable (official),gl_compatibility,NVIDIA GeForce RTX 5070 Laptop GPU
2026-08-23_three_displays,AOCB319_UID4352,\\.\DISPLAY6,AOC,U32G3X,XYDP6JA001072,70.0,39.0,31.5476939016782,2730.0,35.0,2450,1365,2,2,1,6,61,Baseline,61,51,10,1.0,1,0.01960784313725,51,1.0,0.18825051188469,17003.4481632653,6.22836929057337,2917.31428571429,0,60.0,6,0,false,1.03125517960839,133.544,4.6-stable (official),gl_compatibility,NVIDIA GeForce RTX 5070 Laptop GPU
2026-08-23_three_displays,AOCB319_UID4352,\\.\DISPLAY6,AOC,U32G3X,XYDP6JA001072,70.0,39.0,31.5476939016782,2730.0,35.0,2450,1365,2,2,2,1,121,Optimized Overview,121,101,20,1.0,13,0.12871287128713,96,0.95049504950495,0.10000000149012,30289.2424489796,11.0949606040218,559.52612244898,0,242.5,1,0,false,3.83463957646458,150.492,4.6-stable (official),gl_compatibility,NVIDIA GeForce RTX 5070 Laptop GPU
2026-08-23_three_displays,AOCB319_UID4352,\\.\DISPLAY6,AOC,U32G3X,XYDP6JA001072,70.0,39.0,31.5476939016782,2730.0,35.0,2450,1365,2,2,2,2,121,Optimized Search,121,101,20,1.0,19,0.18811881188119,96,0.95049504950495,0.10000000149012,30289.2424489796,11.0949606040218,559.52612244898,0,242.5,1,100,true,0.00215622115024,155.531,4.6-stable (official),gl_compatibility,NVIDIA GeForce RTX 5070 Laptop GPU
2026-08-23_three_displays,AOCB319_UID4352,\\.\DISPLAY6,AOC,U32G3X,XYDP6JA001072,70.0,39.0,31.5476939016782,2730.0,35.0,2450,1365,2,2,2,3,121,Subtree Focus,121,13,20,0.12871287128713,0,0.0,13,1.0,0.24931950867176,11790.9385714286,4.3190251177394,289.76,0,163.0,2,0,false,7.66927915292916,112.176,4.6-stable (official),gl_compatibility,NVIDIA GeForce RTX 5070 Laptop GPU
2026-08-23_three_displays,AOCB319_UID4352,\\.\DISPLAY6,AOC,U32G3X,XYDP6JA001072,70.0,39.0,31.5476939016782,2730.0,35.0,2450,1365,2,2,2,4,121,Context Collapse,121,11,20,0.10891089108911,0,0.0,11,1.0,0.11730846762657,20351.2285714286,7.45466248037677,255.102040816327,0,163.0,2,0,false,-1.0,80.103,4.6-stable (official),gl_compatibility,NVIDIA GeForce RTX 5070 Laptop GPU
2026-08-23_three_displays,AOCB319_UID4352,\\.\DISPLAY6,AOC,U32G3X,XYDP6JA001072,70.0,39.0,31.5476939016782,2730.0,35.0,2450,1365,2,2,2,5,121,Baseline,121,101,20,1.0,1,0.00990099009901,96,0.95049504950495,0.10000000149012,35579.5444897959,13.0328001794124,5783.6,0,60.0,6,0,false,7.68404060441975,280.858,4.6-stable (official),gl_compatibility,NVIDIA GeForce RTX 5070 Laptop GPU
2026-08-23_three_displays,AOCB319_UID4352,\\.\DISPLAY6,AOC,U32G3X,XYDP6JA001072,70.0,39.0,31.5476939016782,2730.0,35.0,2450,1365,2,2,2,6,121,Compact Cards,121,101,20,1.0,1,0.00990099009901,96,0.95049504950495,0.10000000149012,31716.5681632653,11.6177905359946,2238.10448979592,0,163.0,2,0,false,7.66927915292916,104.685,4.6-stable (official),gl_compatibility,NVIDIA GeForce RTX 5070 Laptop GPU
2026-08-23_three_displays,AOCB319_UID4352,\\.\DISPLAY6,AOC,U32G3X,XYDP6JA001072,70.0,39.0,31.5476939016782,2730.0,35.0,2450,1365,2,2,3,1,241,Optimized Search,241,202,39,1.0,20,0.0990099009901,94,0.46534653465347,0.10000000149012,72814.5591836735,26.6719997009793,1122.84081632653,0,242.5,1,201,true,0.00215622115024,352.302,4.6-stable (official),gl_compatibility,NVIDIA GeForce RTX 5070 Laptop GPU
2026-08-23_three_displays,AOCB319_UID4352,\\.\DISPLAY6,AOC,U32G3X,XYDP6JA001072,70.0,39.0,31.5476939016782,2730.0,35.0,2450,1365,2,2,3,2,241,Subtree Focus,241,17,39,0.08415841584158,0,0.0,15,0.88235294117647,0.10000000149012,45582.8906632653,16.6970295469836,385.885714285714,0,163.0,2,0,false,-1.0,228.75,4.6-stable (official),gl_compatibility,NVIDIA GeForce RTX 5070 Laptop GPU
2026-08-23_three_displays,AOCB319_UID4352,\\.\DISPLAY6,AOC,U32G3X,XYDP6JA001072,70.0,39.0,31.5476939016782,2730.0,35.0,2450,1365,2,2,3,3,241,Context Collapse,241,14,39,0.06930693069307,0,0.0,9,0.64285714285714,0.10000000149012,56952.2130612245,20.861616505943,330.715102040816,0,163.0,2,0,false,-1.0,158.026,4.6-stable (official),gl_compatibility,NVIDIA GeForce RTX 5070 Laptop GPU
2026-08-23_three_displays,AOCB319_UID4352,\\.\DISPLAY6,AOC,U32G3X,XYDP6JA001072,70.0,39.0,31.5476939016782,2730.0,35.0,2450,1365,2,2,3,4,241,Baseline,241,202,39,1.0,0,0.0,94,0.46534653465347,0.10000000149012,87050.4,31.8865934065934,11564.3771428571,0,60.0,6,0,false,10.3984807785579,651.108,4.6-stable (official),gl_compatibility,NVIDIA GeForce RTX 5070 Laptop GPU
2026-08-23_three_displays,AOCB319_UID4352,\\.\DISPLAY6,AOC,U32G3X,XYDP6JA001072,70.0,39.0,31.5476939016782,2730.0,35.0,2450,1365,2,2,3,5,241,Compact Cards,241,202,39,1.0,0,0.0,94,0.46534653465347,0.10000000149012,75560.5730612245,27.6778655901921,4491.36326530612,0,163.0,2,0,false,10.383193908595,279.049,4.6-stable (official),gl_compatibility,NVIDIA GeForce RTX 5070 Laptop GPU
2026-08-23_three_displays,AOCB319_UID4352,\\.\DISPLAY6,AOC,U32G3X,XYDP6JA001072,70.0,39.0,31.5476939016782,2730.0,35.0,2450,1365,2,2,3,6,241,Optimized Overview,241,202,39,1.0,4,0.01980198019802,94,0.46534653465347,0.10000000149012,72814.5591836735,26.6719997009793,1122.84081632653,0,242.5,1,0,false,5.19159695429752,353.62,4.6-stable (official),gl_compatibility,NVIDIA GeForce RTX 5070 Laptop GPU
2026-08-23_three_displays,AOCB319_UID4352,\\.\DISPLAY6,AOC,U32G3X,XYDP6JA001072,70.0,39.0,31.5476939016782,2730.0,35.0,2450,1365,2,2,4,1,364,Subtree Focus,364,43,59,0.14098360655738,0,0.0,41,0.95348837209302,0.10000000149012,64295.582755102,23.5514955146894,962.218775510204,0,163.0,2,0,false,-1.0,835.357,4.6-stable (official),gl_compatibility,NVIDIA GeForce RTX 5070 Laptop GPU
2026-08-23_three_displays,AOCB319_UID4352,\\.\DISPLAY6,AOC,U32G3X,XYDP6JA001072,70.0,39.0,31.5476939016782,2730.0,35.0,2450,1365,2,2,4,2,364,Context Collapse,364,11,59,0.03606557377049,0,0.0,6,0.54545454545455,0.10000000149012,70653.8357142857,25.8805259026688,259.251428571429,0,163.0,2,0,false,-1.0,239.498,4.6-stable (official),gl_compatibility,NVIDIA GeForce RTX 5070 Laptop GPU
2026-08-23_three_displays,AOCB319_UID4352,\\.\DISPLAY6,AOC,U32G3X,XYDP6JA001072,70.0,39.0,31.5476939016782,2730.0,35.0,2450,1365,2,2,4,3,364,Baseline,364,305,59,1.0,0,0.0,94,0.30819672131148,0.10000000149012,137730.976326531,50.4509070793153,17461.76,0,60.0,6,0,false,24.3462876728303,1164.519,4.6-stable (official),gl_compatibility,NVIDIA GeForce RTX 5070 Laptop GPU
2026-08-23_three_displays,AOCB319_UID4352,\\.\DISPLAY6,AOC,U32G3X,XYDP6JA001072,70.0,39.0,31.5476939016782,2730.0,35.0,2450,1365,2,2,4,4,364,Compact Cards,364,305,59,1.0,0,0.0,94,0.30819672131148,0.10000000149012,114576.271020408,41.9693300441056,6794.7012244898,0,163.0,2,0,false,24.3323107393029,511.19,4.6-stable (official),gl_compatibility,NVIDIA GeForce RTX 5070 Laptop GPU
2026-08-23_three_displays,AOCB319_UID4352,\\.\DISPLAY6,AOC,U32G3X,XYDP6JA001072,70.0,39.0,31.5476939016782,2730.0,35.0,2450,1365,2,2,4,5,364,Optimized Overview,364,305,59,1.0,4,0.01311475409836,94,0.30819672131148,0.10000000149012,110501.232653061,40.4766419974583,1698.67530612245,0,242.5,1,0,false,12.1661553696514,645.605,4.6-stable (official),gl_compatibility,NVIDIA GeForce RTX 5070 Laptop GPU
2026-08-23_three_displays,AOCB319_UID4352,\\.\DISPLAY6,AOC,U32G3X,XYDP6JA001072,70.0,39.0,31.5476939016782,2730.0,35.0,2450,1365,2,2,4,6,364,Optimized Search,364,305,59,1.0,17,0.05573770491803,94,0.30819672131148,0.10000000149012,110501.232653061,40.4766419974583,1698.67530612245,0,242.5,1,304,true,0.00215622115024,759.893,4.6-stable (official),gl_compatibility,NVIDIA GeForce RTX 5070 Laptop GPU
2026-08-23_three_displays,AOCB319_UID4352,\\.\DISPLAY6,AOC,U32G3X,XYDP6JA001072,70.0,39.0,31.5476939016782,2730.0,35.0,2450,1365,2,2,5,1,31,Context Collapse,31,8,5,0.30769230769231,1,0.125,8,1.0,0.48896354436874,3752.9012244898,1.37468909321971,185.164897959184,0,163.0,2,0,false,-1.0,52.841,4.6-stable (official),gl_compatibility,NVIDIA GeForce RTX 5070 Laptop GPU
2026-08-23_three_displays,AOCB319_UID4352,\\.\DISPLAY6,AOC,U32G3X,XYDP6JA001072,70.0,39.0,31.5476939016782,2730.0,35.0,2450,1365,2,2,5,2,31,Baseline,31,26,5,1.0,3,0.11538461538462,26,1.0,0.36747205257416,7207.53632653061,2.64012319653136,1487.86285714286,0,60.0,6,0,false,1.21945696797645,63.255,4.6-stable (official),gl_compatibility,NVIDIA GeForce RTX 5070 Laptop GPU
2026-08-23_three_displays,AOCB319_UID4352,\\.\DISPLAY6,AOC,U32G3X,XYDP6JA001072,70.0,39.0,31.5476939016782,2730.0,35.0,2450,1365,2,2,5,3,31,Compact Cards,31,26,5,1.0,3,0.11538461538462,26,1.0,0.37135568261147,6428.8,2.35487179487179,575.070204081633,0,163.0,2,0,false,1.20140523370945,50.552,4.6-stable (official),gl_compatibility,NVIDIA GeForce RTX 5070 Laptop GPU
2026-08-23_three_displays,AOCB319_UID4352,\\.\DISPLAY6,AOC,U32G3X,XYDP6JA001072,70.0,39.0,31.5476939016782,2730.0,35.0,2450,1365,2,2,5,4,31,Optimized Overview,31,26,5,1.0,13,0.5,26,1.0,0.37135568261147,5992.72163265306,2.19513612917695,143.767551020408,0,242.5,1,0,false,0.60070261685472,51.794,4.6-stable (official),gl_compatibility,NVIDIA GeForce RTX 5070 Laptop GPU
2026-08-23_three_displays,AOCB319_UID4352,\\.\DISPLAY6,AOC,U32G3X,XYDP6JA001072,70.0,39.0,31.5476939016782,2730.0,35.0,2450,1365,2,2,5,5,31,Optimized Search,31,26,5,1.0,17,0.65384615384615,26,1.0,0.37135568261147,5992.72163265306,2.19513612917695,143.767551020408,0,242.5,1,25,true,0.00215622115024,52.046,4.6-stable (official),gl_compatibility,NVIDIA GeForce RTX 5070 Laptop GPU
2026-08-23_three_displays,AOCB319_UID4352,\\.\DISPLAY6,AOC,U32G3X,XYDP6JA001072,70.0,39.0,31.5476939016782,2730.0,35.0,2450,1365,2,2,5,6,31,Subtree Focus,31,6,5,0.23076923076923,0,0.0,6,1.0,0.86612832546234,2118.66040816327,0.77606608357629,138.565714285714,0,163.0,2,0,false,-1.0,48.458,4.6-stable (official),gl_compatibility,NVIDIA GeForce RTX 5070 Laptop GPU
2026-08-23_three_displays,AOCB319_UID4352,\\.\DISPLAY6,AOC,U32G3X,XYDP6JA001072,70.0,39.0,31.5476939016782,2730.0,35.0,2450,1365,2,3,1,1,121,Optimized Overview,121,101,20,1.0,13,0.12871287128713,96,0.95049504950495,0.10000000149012,30289.2424489796,11.0949606040218,559.52612244898,0,242.5,1,0,false,3.83463957646458,151.58,4.6-stable (official),gl_compatibility,NVIDIA GeForce RTX 5070 Laptop GPU
2026-08-23_three_displays,AOCB319_UID4352,\\.\DISPLAY6,AOC,U32G3X,XYDP6JA001072,70.0,39.0,31.5476939016782,2730.0,35.0,2450,1365,2,3,1,2,121,Optimized Search,121,101,20,1.0,19,0.18811881188119,96,0.95049504950495,0.10000000149012,30289.2424489796,11.0949606040218,559.52612244898,0,242.5,1,100,true,0.00215622115024,152.158,4.6-stable (official),gl_compatibility,NVIDIA GeForce RTX 5070 Laptop GPU
2026-08-23_three_displays,AOCB319_UID4352,\\.\DISPLAY6,AOC,U32G3X,XYDP6JA001072,70.0,39.0,31.5476939016782,2730.0,35.0,2450,1365,2,3,1,3,121,Subtree Focus,121,13,20,0.12871287128713,0,0.0,13,1.0,0.24931950867176,11790.9385714286,4.3190251177394,289.76,0,163.0,2,0,false,7.66927915292916,112.158,4.6-stable (official),gl_compatibility,NVIDIA GeForce RTX 5070 Laptop GPU
2026-08-23_three_displays,AOCB319_UID4352,\\.\DISPLAY6,AOC,U32G3X,XYDP6JA001072,70.0,39.0,31.5476939016782,2730.0,35.0,2450,1365,2,3,1,4,121,Context Collapse,121,11,20,0.10891089108911,0,0.0,11,1.0,0.11730846762657,20351.2285714286,7.45466248037677,255.102040816327,0,163.0,2,0,false,-1.0,79.78,4.6-stable (official),gl_compatibility,NVIDIA GeForce RTX 5070 Laptop GPU
2026-08-23_three_displays,AOCB319_UID4352,\\.\DISPLAY6,AOC,U32G3X,XYDP6JA001072,70.0,39.0,31.5476939016782,2730.0,35.0,2450,1365,2,3,1,5,121,Baseline,121,101,20,1.0,1,0.00990099009901,96,0.95049504950495,0.10000000149012,35579.5444897959,13.0328001794124,5783.6,0,60.0,6,0,false,7.68404060441975,282.305,4.6-stable (official),gl_compatibility,NVIDIA GeForce RTX 5070 Laptop GPU
2026-08-23_three_displays,AOCB319_UID4352,\\.\DISPLAY6,AOC,U32G3X,XYDP6JA001072,70.0,39.0,31.5476939016782,2730.0,35.0,2450,1365,2,3,1,6,121,Compact Cards,121,101,20,1.0,1,0.00990099009901,96,0.95049504950495,0.10000000149012,31716.5681632653,11.6177905359946,2238.10448979592,0,163.0,2,0,false,7.66927915292916,100.014,4.6-stable (official),gl_compatibility,NVIDIA GeForce RTX 5070 Laptop GPU
2026-08-23_three_displays,AOCB319_UID4352,\\.\DISPLAY6,AOC,U32G3X,XYDP6JA001072,70.0,39.0,31.5476939016782,2730.0,35.0,2450,1365,2,3,2,1,241,Optimized Search,241,202,39,1.0,20,0.0990099009901,94,0.46534653465347,0.10000000149012,72814.5591836735,26.6719997009793,1122.84081632653,0,242.5,1,201,true,0.00215622115024,374.074,4.6-stable (official),gl_compatibility,NVIDIA GeForce RTX 5070 Laptop GPU
2026-08-23_three_displays,AOCB319_UID4352,\\.\DISPLAY6,AOC,U32G3X,XYDP6JA001072,70.0,39.0,31.5476939016782,2730.0,35.0,2450,1365,2,3,2,2,241,Subtree Focus,241,17,39,0.08415841584158,0,0.0,15,0.88235294117647,0.10000000149012,45582.8906632653,16.6970295469836,385.885714285714,0,163.0,2,0,false,-1.0,227.384,4.6-stable (official),gl_compatibility,NVIDIA GeForce RTX 5070 Laptop GPU
2026-08-23_three_displays,AOCB319_UID4352,\\.\DISPLAY6,AOC,U32G3X,XYDP6JA001072,70.0,39.0,31.5476939016782,2730.0,35.0,2450,1365,2,3,2,3,241,Context Collapse,241,14,39,0.06930693069307,0,0.0,9,0.64285714285714,0.10000000149012,56952.2130612245,20.861616505943,330.715102040816,0,163.0,2,0,false,-1.0,143.874,4.6-stable (official),gl_compatibility,NVIDIA GeForce RTX 5070 Laptop GPU
2026-08-23_three_displays,AOCB319_UID4352,\\.\DISPLAY6,AOC,U32G3X,XYDP6JA001072,70.0,39.0,31.5476939016782,2730.0,35.0,2450,1365,2,3,2,4,241,Baseline,241,202,39,1.0,0,0.0,94,0.46534653465347,0.10000000149012,87050.4,31.8865934065934,11564.3771428571,0,60.0,6,0,false,10.3984807785579,667.936,4.6-stable (official),gl_compatibility,NVIDIA GeForce RTX 5070 Laptop GPU
2026-08-23_three_displays,AOCB319_UID4352,\\.\DISPLAY6,AOC,U32G3X,XYDP6JA001072,70.0,39.0,31.5476939016782,2730.0,35.0,2450,1365,2,3,2,5,241,Compact Cards,241,202,39,1.0,0,0.0,94,0.46534653465347,0.10000000149012,75560.5730612245,27.6778655901921,4491.36326530612,0,163.0,2,0,false,10.383193908595,230.073,4.6-stable (official),gl_compatibility,NVIDIA GeForce RTX 5070 Laptop GPU
2026-08-23_three_displays,AOCB319_UID4352,\\.\DISPLAY6,AOC,U32G3X,XYDP6JA001072,70.0,39.0,31.5476939016782,2730.0,35.0,2450,1365,2,3,2,6,241,Optimized Overview,241,202,39,1.0,4,0.01980198019802,94,0.46534653465347,0.10000000149012,72814.5591836735,26.6719997009793,1122.84081632653,0,242.5,1,0,false,5.19159695429752,415.711,4.6-stable (official),gl_compatibility,NVIDIA GeForce RTX 5070 Laptop GPU
2026-08-23_three_displays,AOCB319_UID4352,\\.\DISPLAY6,AOC,U32G3X,XYDP6JA001072,70.0,39.0,31.5476939016782,2730.0,35.0,2450,1365,2,3,3,1,364,Subtree Focus,364,43,59,0.14098360655738,0,0.0,41,0.95348837209302,0.10000000149012,64295.582755102,23.5514955146894,962.218775510204,0,163.0,2,0,false,-1.0,893.154,4.6-stable (official),gl_compatibility,NVIDIA GeForce RTX 5070 Laptop GPU
2026-08-23_three_displays,AOCB319_UID4352,\\.\DISPLAY6,AOC,U32G3X,XYDP6JA001072,70.0,39.0,31.5476939016782,2730.0,35.0,2450,1365,2,3,3,2,364,Context Collapse,364,11,59,0.03606557377049,0,0.0,6,0.54545454545455,0.10000000149012,70653.8357142857,25.8805259026688,259.251428571429,0,163.0,2,0,false,-1.0,207.057,4.6-stable (official),gl_compatibility,NVIDIA GeForce RTX 5070 Laptop GPU
2026-08-23_three_displays,AOCB319_UID4352,\\.\DISPLAY6,AOC,U32G3X,XYDP6JA001072,70.0,39.0,31.5476939016782,2730.0,35.0,2450,1365,2,3,3,3,364,Baseline,364,305,59,1.0,0,0.0,94,0.30819672131148,0.10000000149012,137730.976326531,50.4509070793153,17461.76,0,60.0,6,0,false,24.3462876728303,1159.902,4.6-stable (official),gl_compatibility,NVIDIA GeForce RTX 5070 Laptop GPU
2026-08-23_three_displays,AOCB319_UID4352,\\.\DISPLAY6,AOC,U32G3X,XYDP6JA001072,70.0,39.0,31.5476939016782,2730.0,35.0,2450,1365,2,3,3,4,364,Compact Cards,364,305,59,1.0,0,0.0,94,0.30819672131148,0.10000000149012,114576.271020408,41.9693300441056,6794.7012244898,0,163.0,2,0,false,24.3323107393029,404.465,4.6-stable (official),gl_compatibility,NVIDIA GeForce RTX 5070 Laptop GPU
2026-08-23_three_displays,AOCB319_UID4352,\\.\DISPLAY6,AOC,U32G3X,XYDP6JA001072,70.0,39.0,31.5476939016782,2730.0,35.0,2450,1365,2,3,3,5,364,Optimized Overview,364,305,59,1.0,4,0.01311475409836,94,0.30819672131148,0.10000000149012,110501.232653061,40.4766419974583,1698.67530612245,0,242.5,1,0,false,12.1661553696514,626.021,4.6-stable (official),gl_compatibility,NVIDIA GeForce RTX 5070 Laptop GPU
2026-08-23_three_displays,AOCB319_UID4352,\\.\DISPLAY6,AOC,U32G3X,XYDP6JA001072,70.0,39.0,31.5476939016782,2730.0,35.0,2450,1365,2,3,3,6,364,Optimized Search,364,305,59,1.0,17,0.05573770491803,94,0.30819672131148,0.10000000149012,110501.232653061,40.4766419974583,1698.67530612245,0,242.5,1,304,true,0.00215622115024,656.061,4.6-stable (official),gl_compatibility,NVIDIA GeForce RTX 5070 Laptop GPU
2026-08-23_three_displays,AOCB319_UID4352,\\.\DISPLAY6,AOC,U32G3X,XYDP6JA001072,70.0,39.0,31.5476939016782,2730.0,35.0,2450,1365,2,3,4,1,31,Context Collapse,31,8,5,0.30769230769231,1,0.125,8,1.0,0.48896354436874,3752.9012244898,1.37468909321971,185.164897959184,0,163.0,2,0,false,-1.0,48.685,4.6-stable (official),gl_compatibility,NVIDIA GeForce RTX 5070 Laptop GPU
2026-08-23_three_displays,AOCB319_UID4352,\\.\DISPLAY6,AOC,U32G3X,XYDP6JA001072,70.0,39.0,31.5476939016782,2730.0,35.0,2450,1365,2,3,4,2,31,Baseline,31,26,5,1.0,3,0.11538461538462,26,1.0,0.36747205257416,7207.53632653061,2.64012319653136,1487.86285714286,0,60.0,6,0,false,1.21945696797645,99.135,4.6-stable (official),gl_compatibility,NVIDIA GeForce RTX 5070 Laptop GPU
2026-08-23_three_displays,AOCB319_UID4352,\\.\DISPLAY6,AOC,U32G3X,XYDP6JA001072,70.0,39.0,31.5476939016782,2730.0,35.0,2450,1365,2,3,4,3,31,Compact Cards,31,26,5,1.0,3,0.11538461538462,26,1.0,0.37135568261147,6428.8,2.35487179487179,575.070204081633,0,163.0,2,0,false,1.20140523370945,49.556,4.6-stable (official),gl_compatibility,NVIDIA GeForce RTX 5070 Laptop GPU
2026-08-23_three_displays,AOCB319_UID4352,\\.\DISPLAY6,AOC,U32G3X,XYDP6JA001072,70.0,39.0,31.5476939016782,2730.0,35.0,2450,1365,2,3,4,4,31,Optimized Overview,31,26,5,1.0,13,0.5,26,1.0,0.37135568261147,5992.72163265306,2.19513612917695,143.767551020408,0,242.5,1,0,false,0.60070261685472,52.859,4.6-stable (official),gl_compatibility,NVIDIA GeForce RTX 5070 Laptop GPU
2026-08-23_three_displays,AOCB319_UID4352,\\.\DISPLAY6,AOC,U32G3X,XYDP6JA001072,70.0,39.0,31.5476939016782,2730.0,35.0,2450,1365,2,3,4,5,31,Optimized Search,31,26,5,1.0,17,0.65384615384615,26,1.0,0.37135568261147,5992.72163265306,2.19513612917695,143.767551020408,0,242.5,1,25,true,0.00215622115024,52.391,4.6-stable (official),gl_compatibility,NVIDIA GeForce RTX 5070 Laptop GPU
2026-08-23_three_displays,AOCB319_UID4352,\\.\DISPLAY6,AOC,U32G3X,XYDP6JA001072,70.0,39.0,31.5476939016782,2730.0,35.0,2450,1365,2,3,4,6,31,Subtree Focus,31,6,5,0.23076923076923,0,0.0,6,1.0,0.86612832546234,2118.66040816327,0.77606608357629,138.565714285714,0,163.0,2,0,false,-1.0,49.747,4.6-stable (official),gl_compatibility,NVIDIA GeForce RTX 5070 Laptop GPU
2026-08-23_three_displays,AOCB319_UID4352,\\.\DISPLAY6,AOC,U32G3X,XYDP6JA001072,70.0,39.0,31.5476939016782,2730.0,35.0,2450,1365,2,3,5,1,61,Baseline,61,51,10,1.0,1,0.01960784313725,51,1.0,0.18825051188469,17003.4481632653,6.22836929057337,2917.31428571429,0,60.0,6,0,false,1.03125517960839,168.447,4.6-stable (official),gl_compatibility,NVIDIA GeForce RTX 5070 Laptop GPU
2026-08-23_three_displays,AOCB319_UID4352,\\.\DISPLAY6,AOC,U32G3X,XYDP6JA001072,70.0,39.0,31.5476939016782,2730.0,35.0,2450,1365,2,3,5,2,61,Compact Cards,61,51,10,1.0,1,0.01960784313725,51,1.0,0.18926449120045,15532.2906122449,5.68948374074905,1128.90612244898,0,163.0,2,0,false,1.00487355714222,66.056,4.6-stable (official),gl_compatibility,NVIDIA GeForce RTX 5070 Laptop GPU
2026-08-23_three_displays,AOCB319_UID4352,\\.\DISPLAY6,AOC,U32G3X,XYDP6JA001072,70.0,39.0,31.5476939016782,2730.0,35.0,2450,1365,2,3,5,3,61,Optimized Overview,61,51,10,1.0,14,0.27450980392157,51,1.0,0.18926449120045,14759.8465306122,5.40653719070046,282.226530612245,0,242.5,1,0,false,0.50243677857111,70.242,4.6-stable (official),gl_compatibility,NVIDIA GeForce RTX 5070 Laptop GPU
2026-08-23_three_displays,AOCB319_UID4352,\\.\DISPLAY6,AOC,U32G3X,XYDP6JA001072,70.0,39.0,31.5476939016782,2730.0,35.0,2450,1365,2,3,5,4,61,Optimized Search,61,51,10,1.0,20,0.3921568627451,51,1.0,0.18926449120045,14759.8465306122,5.40653719070046,282.226530612245,0,242.5,1,50,true,0.00215622115024,86.634,4.6-stable (official),gl_compatibility,NVIDIA GeForce RTX 5070 Laptop GPU
2026-08-23_three_displays,AOCB319_UID4352,\\.\DISPLAY6,AOC,U32G3X,XYDP6JA001072,70.0,39.0,31.5476939016782,2730.0,35.0,2450,1365,2,3,5,5,61,Subtree Focus,61,7,10,0.13725490196078,0,0.0,7,1.0,0.59408247470856,3959.77714285714,1.45046781789639,159.864489795918,0,163.0,2,0,false,-1.0,65.648,4.6-stable (official),gl_compatibility,NVIDIA GeForce RTX 5070 Laptop GPU
2026-08-23_three_displays,AOCB319_UID4352,\\.\DISPLAY6,AOC,U32G3X,XYDP6JA001072,70.0,39.0,31.5476939016782,2730.0,35.0,2450,1365,2,3,5,6,61,Context Collapse,61,11,10,0.2156862745098,1,0.09090909090909,11,1.0,0.25058403611183,9387.80571428571,3.43875667189953,253.062857142857,0,163.0,2,0,false,-1.0,70.494,4.6-stable (official),gl_compatibility,NVIDIA GeForce RTX 5070 Laptop GPU
